,rv_coverage,iv_coverage,returns_coverage,min_coverage
BNY,0.946656050955414,0.0,1.0,0.0
FDXF,0.0,0.0,0.007165605095541401,0.0
NVR,1.0,0.0,1.0,0.0
MRSH,0.07882165605095541,0.07961783439490445,1.0,0.07882165605095541
Q,0.10270700636942676,0.1035031847133758,0.12261146496815287,0.10270700636942676
PSKY,0.1624203821656051,0.16560509554140126,1.0,0.1624203821656051
CBOE,0.2085987261146497,1.0,1.0,0.2085987261146497
SNDK,0.2412420382165605,0.25398089171974525,0.2627388535031847,0.2412420382165605
XYZ,0.2770700636942675,0.2762738853503185,1.0,0.2762738853503185
EXE,0.3359872611464968,0.3351910828025478,1.0,0.3351910828025478
TPL,1.0,0.34076433121019106,1.0,0.34076433121019106
SW,0.36703821656050956,0.38057324840764334,1.0,0.36703821656050956
GEV,0.4195859872611465,0.43471337579617836,0.43869426751592355,0.4195859872611465
SOLV,0.42038216560509556,0.4355095541401274,0.4394904458598726,0.42038216560509556
CPAY,1.0,0.4410828025477707,1.0,0.4410828025477707
FISV,0.517515923566879,0.51671974522293,0.9984076433121019,0.51671974522293
VLTO,0.5191082802547771,0.5230891719745223,0.5342356687898089,0.5191082802547771
TKO,1.0,0.5469745222929936,1.0,0.5469745222929936
EG,1.0,0.5835987261146497,1.0,0.5835987261146497
KVUE,0.6019108280254777,0.6154458598726115,0.6178343949044586,0.6019108280254777
RVTY,1.0,0.6122611464968153,1.0,0.6122611464968153
COR,1.0,0.6656050955414012,1.0,0.6656050955414012
GEHC,0.6679936305732485,0.6815286624203821,0.6934713375796179,0.6679936305732485
GEN,1.0,0.714968152866242,1.0,0.714968152866242
ELV,1.0,0.7890127388535032,1.0,0.7890127388535032
BALL,1.0,0.8152866242038217,1.0,0.8152866242038217
WBD,1.0,0.8312101910828026,1.0,0.8312101910828026
CEG,0.8519108280254777,0.8646496815286624,0.8757961783439491,0.8519108280254777
DOC,1.0,0.8678343949044586,1.0,0.8678343949044586
WRB,1.0,0.8726114649681529,1.0,0.8726114649681529
WTW,1.0,0.8813694267515924,1.0,0.8813694267515924
PCAR,1.0,0.9044585987261147,1.0,0.9044585987261147
LYB,1.0,0.9299363057324841,1.0,0.9299363057324841
NI,1.0,0.9307324840764332,1.0,0.9307324840764332
HOOD,0.9546178343949044,0.9673566878980892,0.9713375796178344,0.9546178343949044
TDG,1.0,0.9585987261146497,1.0,0.9585987261146497
DELL,1.0,0.9585987261146497,1.0,0.9585987261146497
ACGL,1.0,0.964171974522293,1.0,0.964171974522293
COHR,1.0,0.964171974522293,1.0,0.964171974522293
PSA,1.0,0.9689490445859873,1.0,0.9689490445859873
GE,1.0,0.9697452229299363,1.0,0.9697452229299363
MMM,1.0,0.9713375796178344,1.0,0.9713375796178344
FAST,1.0,0.9721337579617835,1.0,0.9721337579617835
F,1.0,0.9737261146496815,1.0,0.9737261146496815
HST,1.0,0.9737261146496815,1.0,0.9737261146496815
FANG,1.0,0.9761146496815286,1.0,0.9761146496815286
FOX,1.0,0.981687898089172,1.0,0.981687898089172
IBM,1.0,0.98328025477707,1.0,0.98328025477707
T,1.0,0.9840764331210191,1.0,0.9840764331210191
AMCR,1.0,0.9864649681528662,1.0,0.9864649681528662
COST,1.0,0.9864649681528662,1.0,0.9864649681528662
NWS,1.0,0.9872611464968153,1.0,0.9872611464968153
KIM,1.0,0.9880573248407644,1.0,0.9880573248407644
UDR,1.0,0.9880573248407644,1.0,0.9880573248407644
BRO,1.0,0.9904458598726115,1.0,0.9904458598726115
NWSA,1.0,0.9904458598726115,1.0,0.9904458598726115
BDX,1.0,0.9920382165605095,1.0,0.9920382165605095
VICI,1.0,0.9928343949044586,1.0,0.9928343949044586
BRK.B,1.0,0.9928343949044586,1.0,0.9928343949044586
CME,1.0,0.9928343949044586,1.0,0.9928343949044586
EVRG,1.0,0.9928343949044586,1.0,0.9928343949044586
CRH,1.0,0.9928343949044586,1.0,0.9928343949044586
L,1.0,0.9936305732484076,1.0,0.9936305732484076
FDX,1.0,0.9944267515923567,1.0,0.9944267515923567
VRT,1.0,0.9944267515923567,1.0,0.9944267515923567
PFG,1.0,0.9952229299363057,1.0,0.9952229299363057
SATS,1.0,0.9952229299363057,1.0,0.9952229299363057
BF.B,1.0,0.9960191082802548,1.0,0.9960191082802548
ROL,1.0,0.9960191082802548,1.0,0.9960191082802548
FTV,1.0,0.9968152866242038,1.0,0.9968152866242038
ES,1.0,0.9968152866242038,1.0,0.9968152866242038
SMCI,1.0,0.9968152866242038,1.0,0.9968152866242038
MO,1.0,0.9968152866242038,1.0,0.9968152866242038
FE,1.0,0.9968152866242038,1.0,0.9968152866242038
BEN,1.0,0.9968152866242038,1.0,0.9968152866242038
AEE,1.0,0.9976114649681529,1.0,0.9976114649681529
AES,1.0,0.9976114649681529,1.0,0.9976114649681529
PEG,1.0,0.9976114649681529,1.0,0.9976114649681529
FRT,1.0,0.9976114649681529,1.0,0.9976114649681529
VTRS,1.0,0.9976114649681529,1.0,0.9976114649681529
REG,1.0,0.9976114649681529,1.0,0.9976114649681529
EOG,1.0,0.9984076433121019,1.0,0.9984076433121019
SPGI,1.0,0.9984076433121019,1.0,0.9984076433121019
GRMN,1.0,0.9984076433121019,1.0,0.9984076433121019
XEL,1.0,0.9984076433121019,1.0,0.9984076433121019
PNR,1.0,0.9984076433121019,1.0,0.9984076433121019
CMS,1.0,0.9984076433121019,1.0,0.9984076433121019
MCK,1.0,0.9984076433121019,1.0,0.9984076433121019
TRMB,1.0,0.9984076433121019,1.0,0.9984076433121019
AOS,1.0,0.9984076433121019,1.0,0.9984076433121019
REGN,1.0,0.9984076433121019,1.0,0.9984076433121019
INVH,1.0,0.9984076433121019,1.0,0.9984076433121019
CPT,1.0,0.9992038216560509,1.0,0.9992038216560509
MSI,1.0,0.9992038216560509,1.0,0.9992038216560509
PAYX,1.0,0.9992038216560509,1.0,0.9992038216560509
OMC,1.0,0.9992038216560509,1.0,0.9992038216560509
FOXA,1.0,0.9992038216560509,1.0,0.9992038216560509
WAB,1.0,0.9992038216560509,1.0,0.9992038216560509
PNW,1.0,0.9992038216560509,1.0,0.9992038216560509
PPL,1.0,0.9992038216560509,1.0,0.9992038216560509
SRE,1.0,0.9992038216560509,1.0,0.9992038216560509
J,1.0,0.9992038216560509,1.0,0.9992038216560509
FIS,1.0,0.9992038216560509,1.0,0.9992038216560509
IR,1.0,0.9992038216560509,1.0,0.9992038216560509
FDS,1.0,0.9992038216560509,1.0,0.9992038216560509
VRSN,1.0,0.9992038216560509,1.0,0.9992038216560509
PEP,1.0,1.0,1.0,1.0
ODFL,1.0,1.0,1.0,1.0
ORCL,1.0,1.0,1.0,1.0
PCG,1.0,1.0,1.0,1.0
NXPI,1.0,1.0,1.0,1.0
OKE,1.0,1.0,1.0,1.0
PANW,1.0,1.0,1.0,1.0
OXY,1.0,1.0,1.0,1.0
OTIS,1.0,1.0,1.0,1.0
O,1.0,1.0,1.0,1.0
ON,1.0,1.0,1.0,1.0
ORLY,1.0,1.0,1.0,1.0
A,1.0,1.0,1.0,1.0
NUE,1.0,1.0,1.0,1.0
MGM,1.0,1.0,1.0,1.0
META,1.0,1.0,1.0,1.0
MET,1.0,1.0,1.0,1.0
MDT,1.0,1.0,1.0,1.0
MDLZ,1.0,1.0,1.0,1.0
MCO,1.0,1.0,1.0,1.0
MCHP,1.0,1.0,1.0,1.0
MCD,1.0,1.0,1.0,1.0
MAS,1.0,1.0,1.0,1.0
MAR,1.0,1.0,1.0,1.0
MKC,1.0,1.0,1.0,1.0
MAA,1.0,1.0,1.0,1.0
LYV,1.0,1.0,1.0,1.0
LVS,1.0,1.0,1.0,1.0
LUV,1.0,1.0,1.0,1.0
LULU,1.0,1.0,1.0,1.0
LRCX,1.0,1.0,1.0,1.0
LOW,1.0,1.0,1.0,1.0
LNT,1.0,1.0,1.0,1.0
LMT,1.0,1.0,1.0,1.0
LLY,1.0,1.0,1.0,1.0
LITE,1.0,1.0,1.0,1.0
MA,1.0,1.0,1.0,1.0
NVDA,1.0,1.0,1.0,1.0
MLM,1.0,1.0,1.0,1.0
MOS,1.0,1.0,1.0,1.0
NTRS,1.0,1.0,1.0,1.0
NTAP,1.0,1.0,1.0,1.0
NSC,1.0,1.0,1.0,1.0
NRG,1.0,1.0,1.0,1.0
NOW,1.0,1.0,1.0,1.0
NOC,1.0,1.0,1.0,1.0
NKE,1.0,1.0,1.0,1.0
NFLX,1.0,1.0,1.0,1.0
NEE,1.0,1.0,1.0,1.0
NDSN,1.0,1.0,1.0,1.0
MNST,1.0,1.0,1.0,1.0
NDAQ,1.0,1.0,1.0,1.0
MU,1.0,1.0,1.0,1.0
MTD,1.0,1.0,1.0,1.0
MTB,1.0,1.0,1.0,1.0
MSFT,1.0,1.0,1.0,1.0
MSCI,1.0,1.0,1.0,1.0
MS,1.0,1.0,1.0,1.0
MRNA,1.0,1.0,1.0,1.0
MRK,1.0,1.0,1.0,1.0
MPWR,1.0,1.0,1.0,1.0
MPC,1.0,1.0,1.0,1.0
NCLH,1.0,1.0,1.0,1.0
NEM,1.0,1.0,1.0,1.0
RCL,1.0,1.0,1.0,1.0
PG,1.0,1.0,1.0,1.0
URI,1.0,1.0,1.0,1.0
UPS,1.0,1.0,1.0,1.0
UNP,1.0,1.0,1.0,1.0
UNH,1.0,1.0,1.0,1.0
ULTA,1.0,1.0,1.0,1.0
UHS,1.0,1.0,1.0,1.0
UBER,1.0,1.0,1.0,1.0
UAL,1.0,1.0,1.0,1.0
TYL,1.0,1.0,1.0,1.0
TXT,1.0,1.0,1.0,1.0
TXN,1.0,1.0,1.0,1.0
TTWO,1.0,1.0,1.0,1.0
TTD,1.0,1.0,1.0,1.0
TT,1.0,1.0,1.0,1.0
TSN,1.0,1.0,1.0,1.0
TSLA,1.0,1.0,1.0,1.0
TSCO,1.0,1.0,1.0,1.0
TRV,1.0,1.0,1.0,1.0
TROW,1.0,1.0,1.0,1.0
TRGP,1.0,1.0,1.0,1.0
TPR,1.0,1.0,1.0,1.0
TMUS,1.0,1.0,1.0,1.0
TMO,1.0,1.0,1.0,1.0
USB,1.0,1.0,1.0,1.0
TJX,1.0,1.0,1.0,1.0
V,1.0,1.0,1.0,1.0
VLO,1.0,1.0,1.0,1.0
ZBH,1.0,1.0,1.0,1.0
YUM,1.0,1.0,1.0,1.0
XYL,1.0,1.0,1.0,1.0
XOM,1.0,1.0,1.0,1.0
WYNN,1.0,1.0,1.0,1.0
WY,1.0,1.0,1.0,1.0
WST,1.0,1.0,1.0,1.0
WSM,1.0,1.0,1.0,1.0
WMT,1.0,1.0,1.0,1.0
WMB,1.0,1.0,1.0,1.0
WM,1.0,1.0,1.0,1.0
WFC,1.0,1.0,1.0,1.0
WELL,1.0,1.0,1.0,1.0
WEC,1.0,1.0,1.0,1.0
WDC,1.0,1.0,1.0,1.0
WDAY,1.0,1.0,1.0,1.0
WAT,1.0,1.0,1.0,1.0
VZ,1.0,1.0,1.0,1.0
VTR,1.0,1.0,1.0,1.0
VST,1.0,1.0,1.0,1.0
VRTX,1.0,1.0,1.0,1.0
VRSK,1.0,1.0,1.0,1.0
VMC,1.0,1.0,1.0,1.0
VEEV,1.0,1.0,1.0,1.0
TGT,1.0,1.0,1.0,1.0
TFC,1.0,1.0,1.0,1.0
TER,1.0,1.0,1.0,1.0
ROK,1.0,1.0,1.0,1.0
RMD,1.0,1.0,1.0,1.0
RL,1.0,1.0,1.0,1.0
RJF,1.0,1.0,1.0,1.0
RF,1.0,1.0,1.0,1.0
LIN,1.0,1.0,1.0,1.0
QCOM,1.0,1.0,1.0,1.0
PYPL,1.0,1.0,1.0,1.0
PWR,1.0,1.0,1.0,1.0
PTC,1.0,1.0,1.0,1.0
PSX,1.0,1.0,1.0,1.0
PRU,1.0,1.0,1.0,1.0
PPG,1.0,1.0,1.0,1.0
POOL,1.0,1.0,1.0,1.0
PODD,1.0,1.0,1.0,1.0
PNC,1.0,1.0,1.0,1.0
PM,1.0,1.0,1.0,1.0
PLTR,1.0,1.0,1.0,1.0
PLD,1.0,1.0,1.0,1.0
PKG,1.0,1.0,1.0,1.0
PHM,1.0,1.0,1.0,1.0
PH,1.0,1.0,1.0,1.0
PGR,1.0,1.0,1.0,1.0
ROP,1.0,1.0,1.0,1.0
ROST,1.0,1.0,1.0,1.0
RSG,1.0,1.0,1.0,1.0
RTX,1.0,1.0,1.0,1.0
TEL,1.0,1.0,1.0,1.0
TECH,1.0,1.0,1.0,1.0
TDY,1.0,1.0,1.0,1.0
TAP,1.0,1.0,1.0,1.0
SYY,1.0,1.0,1.0,1.0
SYK,1.0,1.0,1.0,1.0
SYF,1.0,1.0,1.0,1.0
SWKS,1.0,1.0,1.0,1.0
SWK,1.0,1.0,1.0,1.0
STZ,1.0,1.0,1.0,1.0
STX,1.0,1.0,1.0,1.0
PFE,1.0,1.0,1.0,1.0
STT,1.0,1.0,1.0,1.0
STE,1.0,1.0,1.0,1.0
SPG,1.0,1.0,1.0,1.0
SO,1.0,1.0,1.0,1.0
SNPS,1.0,1.0,1.0,1.0
SNA,1.0,1.0,1.0,1.0
SLB,1.0,1.0,1.0,1.0
SJM,1.0,1.0,1.0,1.0
SHW,1.0,1.0,1.0,1.0
SCHW,1.0,1.0,1.0,1.0
SBUX,1.0,1.0,1.0,1.0
SBAC,1.0,1.0,1.0,1.0
STLD,1.0,1.0,1.0,1.0
LII,1.0,1.0,1.0,1.0
IRM,1.0,1.0,1.0,1.0
LH,1.0,1.0,1.0,1.0
CINF,1.0,1.0,1.0,1.0
CIEN,1.0,1.0,1.0,1.0
CI,1.0,1.0,1.0,1.0
CHTR,1.0,1.0,1.0,1.0
CHRW,1.0,1.0,1.0,1.0
CHD,1.0,1.0,1.0,1.0
CFG,1.0,1.0,1.0,1.0
CF,1.0,1.0,1.0,1.0
CDW,1.0,1.0,1.0,1.0
CDNS,1.0,1.0,1.0,1.0
CCL,1.0,1.0,1.0,1.0
CL,1.0,1.0,1.0,1.0
CCI,1.0,1.0,1.0,1.0
CB,1.0,1.0,1.0,1.0
CAT,1.0,1.0,1.0,1.0
CASY,1.0,1.0,1.0,1.0
CARR,1.0,1.0,1.0,1.0
CAH,1.0,1.0,1.0,1.0
CAG,1.0,1.0,1.0,1.0
C,1.0,1.0,1.0,1.0
BXP,1.0,1.0,1.0,1.0
BX,1.0,1.0,1.0,1.0
BSX,1.0,1.0,1.0,1.0
BR,1.0,1.0,1.0,1.0
CBRE,1.0,1.0,1.0,1.0
BMY,1.0,1.0,1.0,1.0
CLX,1.0,1.0,1.0,1.0
CMG,1.0,1.0,1.0,1.0
DASH,1.0,1.0,1.0,1.0
DAL,1.0,1.0,1.0,1.0
D,1.0,1.0,1.0,1.0
CVX,1.0,1.0,1.0,1.0
CVS,1.0,1.0,1.0,1.0
CVNA,1.0,1.0,1.0,1.0
CTVA,1.0,1.0,1.0,1.0
CTSH,1.0,1.0,1.0,1.0
CTAS,1.0,1.0,1.0,1.0
CSX,1.0,1.0,1.0,1.0
CSGP,1.0,1.0,1.0,1.0
CMCSA,1.0,1.0,1.0,1.0
CSCO,1.0,1.0,1.0,1.0
CRM,1.0,1.0,1.0,1.0
CRL,1.0,1.0,1.0,1.0
CPRT,1.0,1.0,1.0,1.0
CPB,1.0,1.0,1.0,1.0
COP,1.0,1.0,1.0,1.0
COO,1.0,1.0,1.0,1.0
COIN,1.0,1.0,1.0,1.0
COF,1.0,1.0,1.0,1.0
CNP,1.0,1.0,1.0,1.0
CNC,1.0,1.0,1.0,1.0
CMI,1.0,1.0,1.0,1.0
CRWD,1.0,1.0,1.0,1.0
DD,1.0,1.0,1.0,1.0
BLK,1.0,1.0,1.0,1.0
BKR,1.0,1.0,1.0,1.0
AMGN,1.0,1.0,1.0,1.0
AME,1.0,1.0,1.0,1.0
AMD,1.0,1.0,1.0,1.0
AMAT,1.0,1.0,1.0,1.0
ALLE,1.0,1.0,1.0,1.0
ALL,1.0,1.0,1.0,1.0
ALGN,1.0,1.0,1.0,1.0
ALB,1.0,1.0,1.0,1.0
AKAM,1.0,1.0,1.0,1.0
AJG,1.0,1.0,1.0,1.0
AIZ,1.0,1.0,1.0,1.0
AMP,1.0,1.0,1.0,1.0
AIG,1.0,1.0,1.0,1.0
AEP,1.0,1.0,1.0,1.0
ADSK,1.0,1.0,1.0,1.0
ADP,1.0,1.0,1.0,1.0
ADM,1.0,1.0,1.0,1.0
ADI,1.0,1.0,1.0,1.0
ADBE,1.0,1.0,1.0,1.0
ACN,1.0,1.0,1.0,1.0
ABT,1.0,1.0,1.0,1.0
ABNB,1.0,1.0,1.0,1.0
ABBV,1.0,1.0,1.0,1.0
AAPL,1.0,1.0,1.0,1.0
AFL,1.0,1.0,1.0,1.0
BLDR,1.0,1.0,1.0,1.0
AMT,1.0,1.0,1.0,1.0
ANET,1.0,1.0,1.0,1.0
BKNG,1.0,1.0,1.0,1.0
BIIB,1.0,1.0,1.0,1.0
BG,1.0,1.0,1.0,1.0
BBY,1.0,1.0,1.0,1.0
BAX,1.0,1.0,1.0,1.0
BAC,1.0,1.0,1.0,1.0
BA,1.0,1.0,1.0,1.0
AZO,1.0,1.0,1.0,1.0
AXP,1.0,1.0,1.0,1.0
AXON,1.0,1.0,1.0,1.0
AWK,1.0,1.0,1.0,1.0
AMZN,1.0,1.0,1.0,1.0
AVY,1.0,1.0,1.0,1.0
AVB,1.0,1.0,1.0,1.0
ATO,1.0,1.0,1.0,1.0
ARES,1.0,1.0,1.0,1.0
ARE,1.0,1.0,1.0,1.0
APTV,1.0,1.0,1.0,1.0
APP,1.0,1.0,1.0,1.0
APO,1.0,1.0,1.0,1.0
APH,1.0,1.0,1.0,1.0
APD,1.0,1.0,1.0,1.0
APA,1.0,1.0,1.0,1.0
AON,1.0,1.0,1.0,1.0
AVGO,1.0,1.0,1.0,1.0
LHX,1.0,1.0,1.0,1.0
DDOG,1.0,1.0,1.0,1.0
DECK,1.0,1.0,1.0,1.0
IFF,1.0,1.0,1.0,1.0
IEX,1.0,1.0,1.0,1.0
IDXX,1.0,1.0,1.0,1.0
ICE,1.0,1.0,1.0,1.0
IBKR,1.0,1.0,1.0,1.0
HWM,1.0,1.0,1.0,1.0
HUM,1.0,1.0,1.0,1.0
HUBB,1.0,1.0,1.0,1.0
HSY,1.0,1.0,1.0,1.0
HSIC,1.0,1.0,1.0,1.0
HRL,1.0,1.0,1.0,1.0
INCY,1.0,1.0,1.0,1.0
HPQ,1.0,1.0,1.0,1.0
HON,1.0,1.0,1.0,1.0
HLT,1.0,1.0,1.0,1.0
HII,1.0,1.0,1.0,1.0
HIG,1.0,1.0,1.0,1.0
HD,1.0,1.0,1.0,1.0
HCA,1.0,1.0,1.0,1.0
HBAN,1.0,1.0,1.0,1.0
HAS,1.0,1.0,1.0,1.0
HAL,1.0,1.0,1.0,1.0
GWW,1.0,1.0,1.0,1.0
GS,1.0,1.0,1.0,1.0
HPE,1.0,1.0,1.0,1.0
GPN,1.0,1.0,1.0,1.0
INTC,1.0,1.0,1.0,1.0
IP,1.0,1.0,1.0,1.0
LEN,1.0,1.0,1.0,1.0
LDOS,1.0,1.0,1.0,1.0
KR,1.0,1.0,1.0,1.0
KO,1.0,1.0,1.0,1.0
KMI,1.0,1.0,1.0,1.0
KMB,1.0,1.0,1.0,1.0
KLAC,1.0,1.0,1.0,1.0
KKR,1.0,1.0,1.0,1.0
KHC,1.0,1.0,1.0,1.0
KEYS,1.0,1.0,1.0,1.0
KEY,1.0,1.0,1.0,1.0
INTU,1.0,1.0,1.0,1.0
KDP,1.0,1.0,1.0,1.0
JNJ,1.0,1.0,1.0,1.0
JKHY,1.0,1.0,1.0,1.0
JCI,1.0,1.0,1.0,1.0
JBL,1.0,1.0,1.0,1.0
JBHT,1.0,1.0,1.0,1.0
IVZ,1.0,1.0,1.0,1.0
ITW,1.0,1.0,1.0,1.0
IT,1.0,1.0,1.0,1.0
ISRG,1.0,1.0,1.0,1.0
ZBRA,1.0,1.0,1.0,1.0
IQV,1.0,1.0,1.0,1.0
JPM,1.0,1.0,1.0,1.0
DE,1.0,1.0,1.0,1.0
GPC,1.0,1.0,1.0,1.0
GOOG,1.0,1.0,1.0,1.0
EME,1.0,1.0,1.0,1.0
EL,1.0,1.0,1.0,1.0
EIX,1.0,1.0,1.0,1.0
EFX,1.0,1.0,1.0,1.0
ED,1.0,1.0,1.0,1.0
ECL,1.0,1.0,1.0,1.0
EBAY,1.0,1.0,1.0,1.0
EA,1.0,1.0,1.0,1.0
DXCM,1.0,1.0,1.0,1.0
DVN,1.0,1.0,1.0,1.0
DVA,1.0,1.0,1.0,1.0
EMR,1.0,1.0,1.0,1.0
DUK,1.0,1.0,1.0,1.0
DRI,1.0,1.0,1.0,1.0
DPZ,1.0,1.0,1.0,1.0
DOW,1.0,1.0,1.0,1.0
DOV,1.0,1.0,1.0,1.0
DLTR,1.0,1.0,1.0,1.0
DLR,1.0,1.0,1.0,1.0
DIS,1.0,1.0,1.0,1.0
DHR,1.0,1.0,1.0,1.0
DHI,1.0,1.0,1.0,1.0
DGX,1.0,1.0,1.0,1.0
DG,1.0,1.0,1.0,1.0
DTE,1.0,1.0,1.0,1.0
GOOGL,1.0,1.0,1.0,1.0
EQIX,1.0,1.0,1.0,1.0
EQT,1.0,1.0,1.0,1.0
GNRC,1.0,1.0,1.0,1.0
GM,1.0,1.0,1.0,1.0
GLW,1.0,1.0,1.0,1.0
GL,1.0,1.0,1.0,1.0
GIS,1.0,1.0,1.0,1.0
GILD,1.0,1.0,1.0,1.0
GDDY,1.0,1.0,1.0,1.0
GD,1.0,1.0,1.0,1.0
FTNT,1.0,1.0,1.0,1.0
FSLR,1.0,1.0,1.0,1.0
FIX,1.0,1.0,1.0,1.0
EQR,1.0,1.0,1.0,1.0
FITB,1.0,1.0,1.0,1.0
FFIV,1.0,1.0,1.0,1.0
FCX,1.0,1.0,1.0,1.0
EXR,1.0,1.0,1.0,1.0
EXPE,1.0,1.0,1.0,1.0
EXPD,1.0,1.0,1.0,1.0
EXC,1.0,1.0,1.0,1.0
EW,1.0,1.0,1.0,1.0
ETR,1.0,1.0,1.0,1.0
ETN,1.0,1.0,1.0,1.0
ESS,1.0,1.0,1.0,1.0
ERIE,1.0,1.0,1.0,1.0
FICO,1.0,1.0,1.0,1.0
ZTS,1.0,1.0,1.0,1.0
