Date,AAPL,ABBV,ABT,ACN,ADBE,AMAT,AMD,AMGN,AMT,AMZN,AVGO,AXP,BA,BAC,BKNG,BLK,BMY,BRK.B,C,CAT,CL,CMCSA,COF,COP,COST,CRM,CSCO,CVS,CVX,DE,DHR,DIS,DUK,EMR,FDX,GD,GE,GILD,GM,GOOG,GOOGL,GS,HD,HON,IBM,INTC,INTU,ISRG,JNJ,JPM,KO,LIN,LLY,LMT,LOW,LRCX,MA,MCD,MDLZ,MDT,META,MMM,MO,MRK,MS,MSFT,MU,NEE,NFLX,NKE,NOW,NVDA,ORCL,PEP,PFE,PG,PLTR,PM,QCOM,RTX,SBUX,SCHW,SO,SPG,T,TMO,TMUS,TSLA,TXN,UBER,UNH,UNP,UPS,USB,V,VZ,WFC,WMT,XOM
2026-02-17,34.45,23.75,42.55,49.97,38.51,58.23,88.89,39.74,31.3,33.69,44.79,27.47,22.29,24.27,44.99,29.85,27.2,17.65,40.35,43.2,24.24,23.49,41.17,30.24,21.86,44.71,56.61,61.81,21.59,28.78,31.09,44.34,17.65,45.44,28.58,26.52,42.06,33.36,45.29,22.59,22.34,32.24,20.78,24.75,49.36,101.26,58.21,25.79,11.34,28.48,17.47,21.76,55.19,30.23,26.38,63.69,25.99,15.96,24.04,19.33,50.18,42.49,30.92,25.24,30.89,49.2,73.65,18.0,30.17,35.17,65.49,43.23,63.49,28.56,27.39,16.36,69.89,23.68,39.21,25.58,31.09,37.9,21.97,23.53,29.39,26.28,28.91,40.94,40.41,29.67,85.39,27.22,30.38,23.32,25.68,42.38,29.2,31.87,27.86
2026-02-18,33.58,24.38,41.72,49.8,37.99,57.32,86.68,38.9,33.04,34.05,43.7,26.91,22.85,24.01,46.14,30.09,27.0,17.52,40.14,43.01,23.76,22.95,40.87,29.71,22.24,44.74,55.45,60.28,21.6,28.93,30.89,43.68,17.99,44.61,28.1,27.11,41.07,33.86,45.31,22.2,21.98,32.3,20.26,24.44,48.5,98.83,58.86,25.98,11.06,27.85,17.2,21.21,54.04,29.52,25.73,62.33,25.74,15.58,23.44,20.26,48.94,42.05,30.14,24.66,32.28,48.21,73.59,19.04,30.17,34.49,64.51,42.52,62.49,28.06,26.73,17.72,68.92,23.26,38.36,25.02,30.31,38.35,21.82,23.62,31.57,28.21,31.04,39.94,39.94,32.14,83.23,26.54,29.61,22.85,25.06,42.56,28.84,31.92,28.4
2026-02-19,31.4,25.55,41.77,49.07,37.81,56.09,87.02,39.38,31.07,32.71,39.16,24.38,23.74,23.6,49.86,25.74,25.75,16.55,36.77,41.32,24.98,23.27,38.97,27.16,22.51,44.03,54.61,59.91,21.26,45.17,31.56,43.73,18.12,43.3,25.6,26.62,38.56,34.16,44.22,20.83,20.68,32.23,20.22,22.91,46.38,98.14,58.66,25.66,10.75,25.48,17.13,20.22,54.04,29.69,23.2,62.52,25.76,14.29,24.81,19.44,47.86,33.11,30.11,24.69,29.98,48.19,73.79,18.94,30.26,34.18,64.47,39.23,59.8,28.07,27.72,17.28,68.96,18.08,37.05,22.75,30.25,37.64,26.19,23.51,31.51,28.33,30.11,37.25,40.96,32.23,82.72,22.59,29.67,23.71,24.98,42.51,28.25,32.22,28.44
2026-02-20,31.71,25.4,41.8,47.13,37.23,55.9,81.97,37.8,31.34,34.4,38.96,23.42,23.63,23.65,49.04,25.41,25.75,16.48,36.67,40.99,24.95,22.13,39.34,27.53,21.57,43.78,54.63,59.56,21.49,44.19,28.49,42.58,18.04,42.63,25.45,26.07,38.9,32.45,42.11,23.84,24.2,32.07,18.48,22.57,45.49,88.81,58.77,25.91,13.42,25.6,17.3,20.16,52.57,30.16,19.73,62.76,26.0,14.18,24.45,18.49,47.93,33.21,30.29,24.43,29.96,47.83,71.17,18.94,31.08,32.85,64.86,38.15,61.48,27.78,27.66,17.18,69.03,18.05,36.85,22.76,29.15,37.47,26.47,23.61,31.48,25.08,30.08,35.68,40.43,32.6,81.82,20.58,29.32,23.23,25.1,42.46,28.43,32.76,29.82
2026-02-23,32.5,26.77,20.89,50.96,39.35,56.64,82.51,38.6,32.14,33.78,39.34,33.53,23.89,27.4,52.18,26.46,26.16,16.63,40.31,39.32,26.03,22.6,42.86,28.2,21.84,43.62,56.55,60.39,21.9,45.22,29.07,43.34,17.22,43.92,25.29,26.69,27.05,31.89,43.5,24.3,24.74,32.16,19.09,22.78,66.75,62.93,54.95,27.61,14.04,29.78,17.32,20.24,56.25,30.58,21.41,62.78,33.39,15.0,26.28,19.74,45.91,32.44,31.33,23.12,34.57,47.06,73.1,19.71,30.45,36.0,63.5,38.83,63.32,27.67,28.66,17.71,70.09,18.83,37.64,23.91,30.78,37.06,24.68,24.47,32.3,25.94,31.15,34.06,41.15,35.63,83.31,21.24,30.23,29.55,30.32,43.37,31.51,33.94,31.19
2026-02-24,32.32,26.2,20.63,49.7,41.25,55.23,87.29,37.65,31.33,33.93,38.76,32.7,24.04,27.05,55.43,26.12,25.5,16.21,39.43,38.38,25.42,22.08,44.06,27.49,21.71,46.22,55.12,60.0,21.37,44.38,28.35,42.73,16.79,44.67,24.69,26.17,26.71,31.82,42.97,23.68,24.12,31.65,19.93,22.22,66.49,64.45,54.01,27.02,13.75,29.02,16.92,19.86,55.09,29.8,21.57,61.2,32.62,14.91,25.88,20.21,44.78,31.62,30.55,22.62,34.1,46.45,71.33,19.65,31.74,35.59,62.79,37.9,63.65,26.97,27.94,17.32,68.32,18.44,38.73,24.17,30.73,36.25,24.06,23.99,31.93,25.43,30.36,34.73,42.09,35.22,81.45,20.75,29.47,29.23,29.61,42.36,30.79,33.12,30.89
2026-02-25,31.07,26.3,20.35,49.48,41.14,56.26,86.89,37.51,34.89,34.39,39.08,33.78,23.94,28.47,56.51,26.47,25.67,15.97,42.14,38.55,25.18,24.38,47.08,27.7,21.64,48.35,54.21,60.8,21.71,46.88,28.1,42.76,16.61,44.95,25.58,27.19,27.24,31.72,43.18,23.02,23.4,32.15,21.33,22.42,67.93,60.79,60.9,28.34,14.13,29.61,16.83,19.88,55.24,30.91,29.36,61.16,33.69,14.64,26.69,20.21,44.89,30.81,30.25,23.04,35.25,47.92,70.98,20.04,38.46,35.77,62.32,38.04,62.6,27.18,27.88,17.94,70.81,18.37,38.86,24.37,30.76,37.33,24.08,24.04,32.8,25.24,31.42,34.21,41.88,36.43,83.22,21.49,29.7,29.87,30.35,43.07,31.83,33.32,30.9
2026-02-26,31.06,26.14,20.48,59.98,40.92,58.77,87.25,38.02,35.17,32.44,39.78,35.24,23.53,28.75,57.14,26.11,25.46,15.29,42.51,39.65,25.2,22.28,47.21,27.51,21.67,51.13,53.9,29.15,21.7,47.17,28.15,42.82,16.34,45.84,25.02,28.26,27.61,32.1,31.78,23.49,23.79,32.28,20.65,22.61,68.67,61.03,63.37,28.31,14.4,29.75,16.6,21.42,54.77,30.6,29.15,58.91,33.66,14.64,26.6,20.31,44.94,30.55,30.31,25.63,36.12,46.91,69.77,23.35,39.37,34.35,65.16,42.89,62.08,27.34,26.77,17.43,71.28,18.42,38.78,20.92,30.64,38.23,24.05,23.89,32.35,26.32,32.21,34.77,42.01,38.07,34.71,21.5,30.59,30.48,30.59,43.04,31.74,33.52,30.83
2026-02-27,33.26,26.88,18.56,60.33,41.21,58.94,87.15,36.9,36.68,33.01,39.8,44.59,23.38,33.26,57.16,26.88,24.76,15.18,46.41,40.33,24.81,21.73,51.7,28.15,22.72,51.45,54.24,28.78,21.98,47.25,23.62,42.8,16.53,46.11,25.35,27.49,26.29,34.0,32.41,24.17,24.46,41.84,20.78,21.01,68.58,48.22,65.87,28.32,15.03,30.56,16.36,21.77,55.43,31.51,28.65,59.36,33.7,15.43,26.72,20.49,45.12,30.13,30.24,27.4,42.16,46.98,66.46,24.04,59.45,35.46,65.11,44.75,62.72,27.3,25.85,17.76,69.84,18.49,39.4,22.47,30.54,38.94,23.86,23.68,29.77,25.79,32.44,35.0,26.01,37.93,32.82,19.34,27.73,34.28,30.79,43.23,37.32,34.53,31.77
2026-03-02,34.04,27.43,18.34,60.86,41.39,55.88,87.24,37.96,36.93,33.85,40.76,45.4,21.78,32.67,58.25,27.49,24.95,24.29,47.65,39.69,19.15,19.71,52.92,31.78,22.65,48.59,55.58,30.2,19.25,48.32,24.25,43.23,16.96,46.09,26.07,28.23,25.49,34.5,31.54,24.8,25.18,42.9,22.98,15.95,66.84,46.81,65.49,27.72,15.21,30.7,17.69,22.35,57.96,30.11,30.8,55.44,30.83,17.56,27.51,19.64,26.13,31.21,19.22,29.17,43.09,33.09,65.93,25.75,60.33,36.67,56.64,47.29,64.78,27.13,26.81,20.07,73.1,19.79,40.48,28.08,30.14,39.89,24.51,22.11,23.83,25.59,31.07,31.41,26.28,37.31,32.91,18.44,26.53,34.9,29.13,23.96,36.89,35.39,32.14
2026-03-03,33.21,26.77,18.02,60.31,43.11,58.93,85.69,38.35,36.0,33.12,40.02,44.34,22.79,31.92,56.78,27.14,25.74,23.69,46.47,42.06,20.2,19.27,51.59,31.01,22.09,47.9,54.22,30.16,18.98,48.05,23.75,42.19,16.66,46.9,26.47,27.53,28.47,34.17,30.76,24.22,24.6,41.85,22.67,17.25,66.36,49.2,65.49,27.04,15.4,30.14,17.96,22.92,56.59,29.89,30.05,57.99,30.18,17.53,28.72,19.58,25.58,31.32,18.75,29.1,42.0,32.8,70.41,25.14,58.81,36.88,56.7,46.25,63.15,27.21,27.73,21.71,71.42,22.56,39.9,29.25,29.4,38.88,24.1,21.77,24.23,25.02,30.36,31.74,28.1,36.48,32.89,18.36,26.36,34.2,28.4,23.71,35.98,34.51,32.1
2026-03-04,30.06,26.7,18.15,59.9,43.27,58.91,87.14,38.34,33.76,35.84,40.32,44.66,23.46,31.42,56.78,27.11,25.9,23.6,46.36,38.89,19.52,22.05,51.01,31.11,19.96,48.05,53.9,30.02,18.76,48.37,22.28,32.88,15.06,46.82,23.88,26.96,28.8,34.13,31.53,22.71,23.34,41.62,22.5,17.29,65.95,50.17,65.61,26.66,15.23,30.0,19.0,23.12,56.52,30.0,29.93,58.46,27.91,17.29,28.69,19.8,26.54,31.66,19.58,27.79,41.87,32.49,70.44,24.01,58.51,36.94,56.65,45.66,63.23,27.28,27.58,21.9,72.7,22.65,40.02,29.44,29.34,38.72,23.35,21.77,24.33,25.25,29.77,33.8,22.64,36.28,32.98,18.28,25.07,33.25,25.07,23.66,35.77,31.78,31.42
2026-03-05,30.17,27.46,19.37,51.09,35.93,59.05,87.1,39.6,34.46,35.9,42.03,44.72,24.67,31.22,55.26,22.77,28.04,24.91,46.5,40.73,21.51,23.01,50.99,29.94,21.67,44.07,52.88,30.84,18.49,50.42,20.36,32.93,14.48,46.45,20.36,26.27,32.43,35.02,32.02,22.61,23.26,43.17,23.19,20.71,63.74,50.14,55.65,23.33,17.54,29.42,18.43,24.33,55.27,30.14,29.03,58.96,27.91,18.04,28.42,21.23,25.88,33.18,18.43,29.91,42.76,31.33,69.07,23.15,56.41,36.52,53.83,44.5,62.42,22.77,24.68,23.61,68.81,28.81,38.67,30.52,29.4,38.57,22.76,21.83,23.73,25.42,29.64,33.79,23.27,34.49,33.19,19.7,32.21,31.96,24.62,21.16,36.24,32.62,28.96
2026-03-06,28.62,23.72,19.79,51.15,34.68,58.52,58.4,29.04,33.99,36.1,39.48,44.5,28.34,30.92,55.4,35.24,26.77,23.88,46.95,42.33,21.27,21.79,51.52,29.08,22.33,43.77,52.58,30.07,17.78,48.69,21.8,31.44,14.51,45.17,23.27,26.27,32.72,34.39,31.79,21.9,22.71,42.63,22.34,20.31,63.8,53.37,55.87,23.9,17.49,29.36,18.31,23.82,42.11,26.69,29.01,55.73,27.79,17.52,28.47,21.97,24.63,28.2,18.01,28.91,42.72,31.25,64.26,22.79,56.5,30.87,54.65,44.11,59.56,21.58,21.5,23.31,53.3,27.83,38.1,29.38,25.91,38.53,22.75,22.18,23.94,27.27,29.12,31.97,24.08,29.07,31.51,18.74,27.91,32.49,24.67,20.83,36.22,32.65,27.63
2026-03-09,29.44,23.8,21.72,50.36,32.61,57.94,53.93,26.12,33.11,26.75,35.79,45.6,28.57,28.75,55.93,34.14,20.24,24.3,42.07,37.03,21.74,23.65,50.1,26.95,22.33,41.52,53.18,29.05,17.49,49.12,23.05,28.56,14.48,42.01,23.28,25.78,29.13,34.14,30.13,23.68,24.46,40.24,22.54,19.82,64.18,54.88,56.53,22.97,17.3,24.88,18.13,19.12,30.45,27.65,29.08,52.85,28.57,17.52,28.58,21.97,24.96,22.36,18.62,28.76,42.11,25.23,67.44,23.36,58.23,29.32,46.47,36.87,52.65,21.28,19.56,23.81,45.02,29.22,23.93,30.01,23.42,37.21,22.74,22.27,28.6,25.55,29.4,29.25,25.55,29.76,28.92,19.08,28.88,31.07,25.09,20.91,35.33,30.99,27.27
2026-03-10,28.79,23.22,22.24,50.22,33.31,56.8,52.59,25.49,32.37,26.1,35.09,44.44,29.59,29.01,54.78,33.66,19.88,23.75,42.23,36.63,21.26,23.05,48.86,28.18,21.95,41.16,52.54,29.61,18.35,48.08,22.98,27.83,15.0,40.95,22.91,25.9,28.78,33.68,29.54,23.27,24.0,39.3,22.52,19.8,62.58,54.57,57.33,23.09,16.91,24.26,17.69,19.41,29.72,28.11,28.51,52.16,27.87,17.39,29.3,21.7,24.64,24.12,18.15,28.04,41.12,24.83,66.87,22.89,57.31,28.59,49.02,36.19,51.67,20.76,19.65,23.31,46.17,28.48,24.53,29.4,23.07,36.36,22.72,21.72,27.95,25.55,28.66,28.53,25.27,29.79,28.4,19.21,28.76,30.32,24.47,20.38,34.45,30.36,27.17
2026-03-11,28.63,23.23,22.24,50.2,33.3,56.44,50.99,24.33,32.98,26.11,33.22,44.74,29.51,29.04,51.89,32.57,18.73,22.77,42.0,35.93,23.77,23.48,48.81,29.1,21.98,40.91,51.74,27.34,20.5,48.06,22.95,27.54,14.92,40.18,22.61,25.94,28.38,34.12,26.17,23.3,24.04,38.63,22.93,19.78,62.59,55.47,58.13,23.4,16.81,24.21,17.1,18.87,29.49,27.09,28.82,52.59,27.53,17.56,29.5,21.64,23.05,23.94,17.79,25.32,40.64,22.32,67.12,22.89,57.93,27.83,48.52,35.16,50.76,19.25,19.6,23.73,43.14,30.67,24.26,28.92,23.05,35.15,22.39,21.78,28.89,25.27,30.45,29.06,25.45,32.16,28.51,19.1,28.53,30.64,24.41,20.05,34.12,30.18,27.9
2026-03-12,29.24,23.5,22.77,49.79,33.58,58.34,52.17,23.76,32.31,26.48,33.53,44.32,32.35,29.8,52.5,33.25,19.58,22.72,43.09,36.01,24.43,22.18,49.11,29.63,20.06,41.88,51.74,27.39,22.0,48.09,25.93,25.7,14.73,42.95,23.67,25.97,35.14,32.61,26.65,23.22,23.95,40.6,22.22,20.96,62.59,54.75,56.7,25.24,16.88,24.4,16.23,19.51,29.79,26.57,27.4,54.46,27.38,17.62,29.86,21.96,24.4,25.48,18.97,25.3,42.0,22.44,67.46,22.35,58.11,28.4,48.91,35.45,51.07,19.31,18.98,24.01,42.11,32.82,25.04,29.93,22.86,24.47,22.48,22.02,28.78,28.11,30.4,29.99,28.35,33.51,30.28,18.71,29.11,30.51,24.05,20.05,33.69,30.12,28.22
2026-03-13,29.86,25.08,22.25,48.34,42.47,57.41,52.54,23.76,33.24,26.18,36.31,43.9,33.53,28.84,52.47,33.38,18.94,22.74,41.48,31.96,24.07,22.0,49.4,27.98,20.0,40.42,51.9,26.68,21.35,46.8,26.18,25.34,14.56,41.12,23.68,23.01,35.87,25.24,26.89,21.97,22.61,40.58,22.12,21.07,58.75,54.15,53.18,25.62,16.55,23.61,14.08,19.09,29.87,26.9,26.74,52.82,27.44,17.54,29.6,21.97,27.53,26.33,17.38,24.36,42.14,21.84,61.38,22.59,56.4,28.39,43.81,35.62,51.51,18.8,19.12,23.86,41.21,32.5,24.91,29.94,22.57,22.18,22.48,21.92,25.7,28.1,25.8,29.8,26.15,31.16,30.09,18.48,28.26,29.74,24.02,17.49,32.7,29.74,27.37
2026-03-16,24.18,22.41,22.62,48.54,42.94,50.33,52.94,23.76,29.46,26.07,34.93,44.0,33.86,29.06,52.28,34.09,19.07,23.36,38.85,31.2,25.12,21.78,49.73,28.76,17.96,41.86,22.68,26.82,20.36,47.27,28.02,13.68,12.49,34.9,23.38,21.83,37.1,23.01,26.99,22.5,23.19,40.34,23.22,21.09,57.92,53.87,55.05,24.07,16.17,23.18,14.44,18.62,29.35,25.88,28.66,55.12,28.24,14.26,33.82,23.38,27.76,26.26,17.03,24.08,39.33,22.7,64.03,21.94,54.0,26.08,42.79,35.87,52.16,19.33,19.34,24.56,36.91,32.72,23.94,29.66,19.8,22.53,21.07,19.7,25.94,27.49,24.19,29.84,27.07,31.66,28.25,18.98,28.33,30.32,22.01,17.63,33.82,26.97,25.33
2026-03-17,23.66,21.93,22.23,47.31,42.04,49.51,51.6,23.64,28.75,25.81,34.27,43.13,33.07,28.53,52.16,35.38,18.59,22.77,37.91,30.55,24.49,21.35,49.02,28.17,17.58,41.26,22.14,26.47,19.85,46.11,28.65,15.0,12.34,34.01,23.02,21.33,36.19,22.44,27.2,22.66,23.4,40.02,22.66,20.98,57.38,54.03,53.75,23.46,17.41,22.67,14.11,18.4,35.1,25.66,27.94,55.09,27.54,13.91,33.55,22.96,27.16,25.6,16.86,23.56,38.86,22.13,63.96,21.41,53.07,25.8,41.93,35.05,50.89,18.94,22.02,23.94,36.07,32.0,24.41,29.37,19.36,21.99,20.89,19.38,25.37,26.99,23.67,29.38,26.58,33.52,27.68,18.55,27.98,29.96,21.51,17.58,33.28,26.33,24.81
2026-03-18,23.78,27.47,22.66,46.35,42.35,48.39,50.75,24.69,29.04,27.01,33.89,42.36,32.75,27.89,51.24,34.53,18.22,22.88,37.16,29.91,25.22,26.67,48.03,27.49,17.93,40.32,22.94,26.88,19.38,45.02,28.43,14.8,13.56,33.56,22.81,21.06,35.33,22.8,26.56,22.41,23.15,39.08,23.69,20.53,56.28,53.38,53.71,23.16,17.01,22.2,15.44,18.45,34.36,25.28,28.88,53.8,29.42,17.26,33.58,22.59,26.72,25.91,18.93,23.24,38.1,22.55,62.45,21.65,51.83,26.48,42.18,34.32,49.78,19.33,21.54,25.39,36.05,33.48,23.9,28.72,26.18,21.59,21.45,18.93,25.24,26.76,25.36,29.08,26.25,33.39,27.26,19.42,27.31,29.23,23.35,18.45,32.53,26.74,24.49
2026-03-19,20.86,27.26,22.93,48.87,42.2,48.82,51.29,24.23,29.32,26.92,33.21,41.4,32.9,27.9,51.81,34.54,19.42,22.47,36.18,29.82,25.95,27.4,48.03,25.83,17.9,38.88,23.25,27.22,19.2,45.03,27.04,14.77,13.18,33.41,23.86,20.73,33.91,22.72,26.62,22.11,22.74,38.78,23.21,20.38,56.08,53.97,49.89,22.54,17.03,21.38,14.85,18.45,34.4,25.35,28.56,55.7,29.37,18.62,30.47,20.71,27.08,25.4,18.65,23.21,38.05,22.37,63.14,22.04,53.64,23.81,41.97,34.17,48.36,17.82,21.42,25.57,36.24,33.05,23.4,28.91,28.06,21.61,19.68,16.65,25.68,27.25,25.35,30.43,26.23,34.13,27.24,19.01,27.19,28.9,22.4,18.46,32.45,23.9,23.64
2026-03-20,20.8,26.9,23.05,48.55,42.14,47.8,51.48,23.2,29.21,26.94,34.46,41.31,33.47,27.43,50.82,33.69,19.45,22.34,35.23,29.6,25.9,27.39,47.78,25.16,17.19,38.45,22.85,27.22,18.65,45.07,26.56,13.45,14.91,32.61,22.76,19.94,33.81,23.79,23.87,23.44,23.77,38.0,23.66,22.91,57.05,56.5,49.5,21.81,17.04,21.18,15.12,18.4,34.31,25.87,28.51,55.83,29.31,18.58,30.39,18.55,27.67,24.98,18.78,23.19,37.11,22.97,63.4,24.0,53.66,23.06,42.72,35.18,49.81,17.44,22.12,25.17,38.42,33.07,23.35,29.09,30.41,20.05,22.12,20.06,24.85,25.96,23.76,31.95,26.23,33.4,27.8,18.65,26.78,28.41,22.55,17.48,32.65,23.74,21.81
2026-03-23,20.78,27.01,23.49,48.13,42.95,48.88,52.18,23.84,29.26,27.35,38.34,43.06,35.1,28.14,46.56,34.9,19.38,22.83,36.8,32.2,25.6,28.06,48.6,25.17,17.53,39.02,23.77,27.84,19.33,23.09,26.63,14.25,14.99,33.82,22.55,19.68,32.81,24.25,27.91,19.83,19.76,39.61,27.07,22.98,59.13,57.45,49.58,22.0,16.11,21.92,14.78,19.24,35.09,25.02,33.85,56.5,29.53,18.77,30.5,19.91,28.32,28.9,17.81,24.27,38.47,23.59,66.05,24.61,54.38,23.91,42.3,36.43,48.31,17.97,21.66,24.37,44.38,33.74,23.18,30.23,30.89,19.86,16.65,20.43,25.98,26.74,24.06,35.43,26.25,34.42,29.18,19.42,28.29,28.4,23.27,17.47,33.14,24.13,20.07
2026-03-24,20.3,26.43,22.97,48.01,43.46,49.15,51.1,23.27,30.61,27.1,37.63,42.09,34.26,28.13,46.42,34.14,19.2,22.28,36.58,32.53,24.99,27.63,47.54,24.81,17.4,44.29,24.79,28.4,18.88,24.94,26.05,14.54,14.63,33.14,22.63,19.23,32.06,23.91,27.68,22.01,23.04,38.81,26.52,22.44,58.62,56.06,53.01,21.75,15.72,21.77,14.47,18.87,34.26,24.53,33.19,55.82,28.82,18.32,29.86,19.44,28.09,28.31,17.39,23.84,37.78,24.58,64.79,24.62,54.36,24.78,46.22,35.56,50.1,17.55,21.27,23.78,46.1,33.07,22.75,29.5,30.76,19.42,16.27,20.45,25.37,27.79,23.9,34.73,28.75,36.03,28.82,19.28,28.16,28.39,22.7,17.14,33.25,23.89,20.92
2026-03-25,20.21,25.44,20.68,42.49,40.66,49.3,55.63,23.56,30.2,26.83,37.6,34.37,35.19,25.91,42.66,33.82,21.24,22.23,32.89,32.59,23.97,27.64,36.2,24.65,17.4,42.26,24.04,28.38,19.41,24.13,26.0,14.32,14.53,32.91,22.44,20.08,33.33,23.85,26.74,21.95,22.95,37.6,26.63,23.76,32.33,60.47,48.7,20.45,16.5,16.83,14.35,20.95,29.72,25.98,33.23,56.22,20.69,17.91,28.29,19.05,26.87,28.77,15.86,25.14,33.77,22.22,65.49,23.6,52.44,22.85,44.99,36.19,47.42,15.91,21.01,21.26,43.8,32.27,23.0,29.28,29.56,18.96,16.11,21.89,24.6,27.46,22.69,33.62,29.22,32.88,27.56,19.59,28.14,23.62,16.72,17.41,30.95,22.69,20.76
2026-03-26,18.31,26.65,20.68,42.55,39.16,57.08,55.06,23.16,30.59,27.24,38.58,34.37,35.13,25.8,39.56,33.63,21.37,22.21,33.31,32.62,23.49,27.64,34.32,26.14,16.9,40.55,24.03,25.98,19.58,24.39,26.2,12.83,14.78,31.06,23.05,20.14,33.84,23.64,25.84,23.86,25.35,37.91,25.17,23.68,31.3,62.1,48.6,20.34,16.27,17.35,14.33,20.66,29.99,25.95,32.38,64.85,20.71,18.02,27.88,18.42,37.97,29.66,16.61,25.14,33.82,22.06,69.41,22.71,52.09,21.49,44.69,38.35,46.64,15.38,21.28,21.16,47.36,32.54,19.75,28.95,29.17,19.05,16.22,21.96,24.52,27.46,22.39,34.35,28.21,34.99,25.82,18.94,27.92,23.33,16.72,17.54,31.23,22.59,20.42
2026-03-27,18.38,26.68,20.58,42.07,39.61,54.38,54.96,23.19,27.91,30.15,38.67,34.01,35.32,25.28,40.84,34.73,21.83,22.61,33.54,32.7,23.5,26.76,30.99,25.74,16.95,40.36,25.76,24.28,19.48,23.45,27.77,14.43,14.81,30.92,23.31,20.3,33.84,24.26,27.25,24.48,25.83,37.43,24.98,23.75,30.09,62.11,47.31,20.81,16.36,18.49,15.42,20.58,30.32,25.27,27.88,64.15,22.11,18.13,27.84,18.52,38.13,29.66,19.43,24.98,33.35,20.2,68.56,22.71,49.02,21.54,46.47,38.1,46.93,16.72,22.34,21.29,47.3,32.01,20.67,29.16,32.53,18.78,16.23,21.62,23.72,29.26,21.92,34.17,28.36,34.76,24.64,18.9,28.71,22.36,18.8,17.2,30.22,22.6,22.42
2026-03-30,15.91,25.21,20.65,33.41,41.45,55.06,55.71,21.5,24.02,30.57,39.0,19.8,36.16,19.88,41.45,35.03,22.31,22.6,28.51,35.46,23.52,28.48,24.12,26.26,15.52,39.72,28.33,20.37,19.83,23.36,28.87,16.64,15.23,28.94,22.95,18.92,35.4,20.61,26.29,23.66,25.16,28.06,24.72,23.37,30.01,64.61,46.7,21.27,15.21,17.65,15.16,19.75,28.88,25.39,28.75,66.58,23.42,16.93,26.6,18.68,40.09,30.17,20.07,20.18,25.1,19.9,77.37,18.12,21.03,20.18,48.45,32.13,46.38,18.84,23.72,20.61,50.35,33.08,20.34,28.23,33.23,15.6,16.9,22.15,23.14,30.03,19.68,34.72,29.52,34.13,23.48,19.02,27.22,14.8,18.82,15.06,24.39,20.55,21.58
2026-03-31,18.91,25.95,20.7,32.68,40.66,57.8,55.87,21.46,24.27,32.47,42.73,20.3,40.61,22.55,41.23,36.18,22.55,22.45,33.84,40.96,22.96,27.81,25.42,26.08,15.14,38.95,27.8,22.3,20.99,24.06,30.82,18.66,15.01,36.93,27.48,18.73,38.24,21.94,27.27,29.71,31.09,32.04,25.45,23.4,30.22,67.82,45.61,22.18,15.16,21.63,14.79,19.39,32.01,25.22,29.02,69.62,23.32,17.0,25.96,19.05,46.36,30.72,20.22,20.86,28.11,22.75,78.23,18.0,23.74,23.76,47.29,36.94,49.66,18.51,23.44,20.19,53.36,32.42,20.81,29.87,34.93,15.66,16.55,23.53,22.67,30.75,20.13,38.07,32.86,35.04,26.29,19.63,30.62,18.75,18.82,14.72,27.17,20.23,21.76
2026-04-01,19.12,25.72,20.14,32.47,40.67,59.24,56.8,21.64,24.28,32.58,42.99,20.27,43.33,22.88,40.99,36.04,23.44,14.67,34.07,42.15,22.75,27.94,25.84,25.62,14.92,38.86,27.86,20.87,26.95,24.73,30.38,18.28,14.86,37.0,27.77,18.68,40.06,21.91,27.22,31.16,33.13,32.46,24.57,22.62,30.2,73.82,45.31,22.18,15.16,21.49,14.0,19.38,33.7,23.48,27.84,70.99,23.6,16.43,25.48,18.75,46.53,30.12,20.3,19.84,28.31,21.91,84.46,17.57,23.62,59.61,47.02,35.52,49.0,18.1,23.4,19.44,49.85,35.61,20.9,24.93,35.07,16.59,16.62,23.87,24.23,29.88,22.01,39.28,33.15,34.89,26.67,19.34,30.56,19.51,19.05,15.7,27.06,20.2,29.29
2026-04-02,19.13,27.06,20.41,32.67,38.12,56.14,55.72,20.99,25.22,32.61,42.67,20.26,42.83,22.86,40.93,36.16,24.11,14.66,33.97,40.25,22.32,27.72,26.14,25.98,16.12,38.44,28.6,21.57,26.93,24.58,30.34,18.18,15.25,35.38,27.76,18.69,40.59,21.51,29.32,31.04,33.04,32.47,25.37,22.32,29.86,72.48,43.86,23.51,15.04,21.24,14.06,19.73,34.12,23.61,28.35,68.03,23.49,16.46,23.98,18.92,46.46,29.73,20.34,19.28,28.23,21.7,79.79,17.6,26.02,59.45,45.55,35.45,49.09,18.67,21.65,18.41,49.83,34.58,20.07,23.82,35.07,17.52,16.64,23.93,22.85,29.93,21.78,42.47,31.26,34.81,26.44,19.68,30.71,19.2,19.36,14.32,27.06,20.3,28.64
2026-04-06,19.96,27.63,20.53,33.45,37.33,52.15,53.06,19.53,26.56,30.08,41.01,20.13,41.85,23.14,37.51,27.17,22.54,10.55,33.68,37.44,21.29,24.5,24.85,25.03,13.24,36.66,28.47,21.29,26.82,22.02,29.59,18.96,15.93,35.75,23.79,18.87,41.9,21.36,28.41,32.66,34.94,30.36,26.75,20.19,28.78,70.35,37.45,24.14,13.51,20.65,13.02,19.08,35.18,24.26,30.38,63.58,25.51,17.35,25.53,16.13,47.51,28.56,20.46,14.99,26.68,21.77,78.26,17.57,27.08,62.57,39.45,35.08,50.36,18.34,23.27,17.32,48.99,31.89,20.26,20.93,40.48,18.18,17.21,22.62,23.33,28.69,22.42,42.34,31.79,36.28,27.78,17.51,23.86,16.97,20.65,14.81,26.15,16.97,29.88
2026-04-07,20.8,26.96,20.01,32.64,36.55,50.83,51.72,19.08,26.05,29.36,45.49,19.66,40.86,22.58,34.09,26.49,24.03,10.48,32.91,36.5,21.14,24.2,24.83,24.46,13.08,35.81,27.75,31.47,26.43,21.49,28.9,18.5,15.58,35.33,23.26,18.54,40.88,21.03,27.83,32.64,34.61,29.64,27.0,20.62,28.09,69.53,36.67,23.58,13.69,20.21,14.08,19.01,34.39,24.11,29.9,62.1,24.91,17.51,25.45,15.77,46.42,27.84,20.03,15.58,26.2,21.24,76.28,17.42,26.4,61.31,38.57,34.2,49.32,19.41,24.67,17.04,48.13,31.54,20.02,20.4,39.52,17.8,16.77,22.06,22.97,27.99,22.47,41.46,30.98,35.39,41.32,17.12,23.37,16.58,20.13,14.76,25.49,20.68,29.12
2026-04-08,21.88,28.78,18.12,32.0,36.56,56.63,51.05,20.6,26.48,31.68,45.93,21.61,42.37,23.92,36.48,30.54,25.8,10.64,36.87,40.7,24.25,23.2,32.63,31.34,14.06,37.3,27.62,31.54,30.97,28.76,29.87,22.64,15.11,40.31,27.89,18.66,47.64,21.15,33.59,33.62,35.88,33.29,33.54,24.61,27.55,76.47,39.69,24.78,13.99,23.29,15.08,19.32,34.86,23.97,35.36,67.04,25.7,17.41,26.62,18.32,52.07,30.24,20.04,18.58,29.91,21.44,78.68,17.14,26.34,61.85,39.13,33.77,49.32,19.16,24.86,19.25,52.69,31.79,21.57,22.87,40.17,21.53,16.81,22.66,20.28,29.23,22.2,41.27,34.16,35.15,41.45,17.76,24.38,19.15,21.65,14.65,26.92,24.61,34.15
2026-04-09,21.95,28.89,17.38,31.35,37.71,57.08,51.26,21.72,27.74,36.59,45.94,21.36,40.98,24.05,37.11,30.4,25.71,11.41,36.51,40.84,24.47,23.87,32.72,30.32,13.66,37.89,27.34,30.15,30.74,28.74,29.74,22.76,14.98,40.47,27.93,18.64,47.72,20.58,33.58,33.64,35.88,33.36,33.55,24.82,27.95,77.23,43.68,24.8,13.88,23.18,15.59,18.71,34.86,23.23,35.89,68.45,25.69,17.77,24.5,17.71,52.83,29.16,20.29,18.7,30.01,21.37,78.72,17.01,27.23,62.88,44.9,33.71,50.66,20.25,24.72,19.78,57.34,31.84,20.68,22.8,39.96,20.96,16.46,24.08,21.09,28.49,21.94,41.46,35.3,34.55,41.17,17.4,24.49,19.58,21.61,14.43,26.99,24.99,33.76
2026-04-10,21.95,29.45,18.75,33.24,37.9,57.01,52.15,21.78,27.13,36.72,48.35,21.89,40.72,24.12,37.45,29.7,26.18,11.93,36.67,40.35,23.07,23.71,32.34,29.54,18.1,39.17,27.82,29.99,29.17,29.86,30.34,22.81,15.39,40.52,28.12,19.81,47.93,21.09,33.62,33.64,35.91,32.85,33.1,24.81,29.25,77.11,43.68,24.05,14.41,23.09,15.9,18.49,35.21,23.76,35.76,68.48,24.86,17.99,22.93,17.57,52.84,29.15,19.76,18.92,30.1,21.37,77.64,17.12,25.89,63.24,50.4,34.79,38.34,20.24,24.94,19.27,57.36,29.57,20.66,22.92,39.85,22.95,16.56,23.55,20.02,28.49,20.8,40.65,35.33,32.51,41.32,17.37,24.48,20.37,21.21,15.82,26.07,25.45,33.45
2026-04-13,19.63,29.08,18.6,41.55,37.72,56.21,49.47,20.63,25.83,36.46,46.02,24.01,37.9,21.09,37.97,28.81,26.34,12.2,34.43,40.65,22.48,24.17,32.05,28.6,19.04,41.89,28.36,31.4,28.93,29.6,28.49,23.92,14.98,35.95,27.39,21.07,43.81,21.5,33.19,33.85,36.32,29.26,32.79,23.77,32.27,75.15,49.44,23.78,14.74,22.6,17.0,18.23,35.28,24.44,34.97,67.46,25.98,18.02,23.96,17.05,51.54,26.53,19.24,19.8,25.98,25.55,76.82,18.54,26.22,64.88,59.64,34.57,58.66,20.56,25.16,19.09,60.13,27.81,21.48,22.21,40.75,22.83,16.48,23.52,22.47,25.72,20.34,41.06,31.51,33.54,41.24,14.07,22.3,19.44,22.39,14.93,23.63,26.18,33.41
2026-04-14,19.17,29.29,18.3,40.58,37.21,54.85,48.75,20.2,25.66,37.04,44.89,23.48,36.97,20.68,37.61,29.35,25.67,11.99,34.07,39.64,21.97,23.66,31.32,31.22,18.63,40.84,27.65,30.71,29.38,29.25,28.05,23.74,14.66,35.06,26.83,20.54,43.13,21.38,34.05,34.83,37.14,28.96,31.99,23.18,31.73,74.48,48.19,24.11,14.76,22.52,16.7,19.04,34.42,24.13,34.1,65.8,25.47,17.56,23.35,16.61,52.24,25.87,19.76,19.35,25.36,26.24,80.8,18.44,27.08,64.82,58.14,35.79,59.35,20.04,24.75,18.81,59.61,27.76,21.32,21.81,39.9,22.8,16.07,23.07,21.94,26.0,19.96,42.14,30.74,32.83,40.2,13.72,21.97,19.48,21.92,14.74,32.58,25.57,33.4
2026-04-15,21.19,29.06,17.5,40.87,39.5,54.91,48.73,20.28,25.69,37.0,46.32,23.2,36.63,21.07,38.25,29.15,25.38,11.98,34.08,41.66,20.93,23.65,31.54,31.2,18.96,41.74,27.67,33.06,29.52,31.47,27.27,23.57,15.23,36.9,27.44,20.25,43.24,21.38,35.17,34.87,37.18,29.45,32.02,23.22,32.16,74.25,52.47,22.5,14.64,23.62,16.66,18.94,34.75,24.13,34.22,66.63,24.86,18.13,20.54,16.59,51.91,25.94,20.64,20.42,28.25,30.41,80.36,18.43,27.11,65.57,64.43,35.64,60.83,19.6,24.76,18.38,62.01,27.94,21.26,22.84,39.61,23.47,16.02,23.08,21.93,25.92,20.01,49.7,31.1,38.17,40.16,15.04,21.97,19.47,22.23,14.8,32.8,25.54,33.23
2026-04-16,21.69,29.05,26.33,40.86,39.7,55.05,52.92,19.91,25.93,36.88,45.75,23.75,37.32,22.39,36.73,29.31,26.24,12.02,35.36,41.66,21.01,27.13,31.87,31.88,18.91,42.45,28.82,33.71,30.22,31.76,27.65,23.11,15.41,36.83,30.91,20.34,46.9,21.48,34.91,34.74,36.98,29.3,32.05,23.15,31.94,72.52,51.84,23.62,14.05,23.85,16.65,18.79,27.88,23.82,34.11,66.64,24.84,18.21,20.19,17.52,51.77,25.91,20.73,21.75,30.36,31.19,78.87,18.58,26.66,65.56,64.87,35.5,62.56,21.02,22.23,18.38,61.71,27.84,20.79,22.81,39.6,37.02,15.94,23.1,25.82,28.73,24.64,49.63,32.33,35.54,40.16,15.52,22.32,20.74,22.16,20.98,32.93,25.42,33.86
2026-04-17,22.08,22.28,26.78,40.89,38.37,55.01,53.22,18.58,25.62,35.02,44.76,22.55,36.69,21.68,38.48,30.34,27.08,10.74,35.65,41.97,21.48,20.02,31.82,35.51,18.5,42.55,27.95,32.45,30.91,31.84,26.82,23.88,14.46,38.22,31.52,20.37,47.38,20.33,37.16,34.81,36.87,30.24,32.37,23.89,31.53,72.88,51.95,25.12,14.02,23.87,15.31,19.04,28.97,24.74,33.61,66.71,20.75,15.55,17.97,17.05,51.65,25.34,18.74,23.78,30.36,30.19,78.88,17.56,46.14,65.31,64.67,35.44,62.86,19.88,22.6,17.76,62.36,25.12,20.86,22.7,35.1,36.96,14.86,24.12,25.39,28.16,22.46,50.42,31.87,35.31,40.36,12.42,22.03,21.78,18.87,20.22,32.91,24.71,35.94
2026-04-20,22.37,23.94,27.06,38.83,39.72,56.49,53.86,19.61,22.86,34.97,44.62,23.42,33.66,22.28,38.46,30.67,27.0,10.96,36.3,42.19,21.64,20.05,32.68,35.36,18.83,44.51,28.22,32.73,30.93,32.01,27.28,24.44,12.06,38.5,31.98,20.74,46.63,18.88,37.9,34.67,37.15,31.22,31.49,21.89,29.44,73.61,54.0,25.78,14.94,24.97,15.12,19.9,29.52,25.53,32.8,66.97,21.49,15.19,18.3,17.9,52.79,25.96,19.03,25.23,30.7,30.1,77.7,12.3,46.83,67.04,67.37,32.81,62.24,19.06,22.35,18.59,62.54,25.68,21.0,22.0,31.75,37.88,11.4,19.71,24.47,28.88,22.76,49.23,31.16,34.79,39.9,11.78,21.97,22.16,19.81,20.23,33.47,24.2,36.73
