GHAR_M,GHAR_M_IV,GHAR_Q,GHAR_Q_IV,GNNHAR1L_M,GNNHAR1L_M_IV,GNNHAR1L_Q,GNNHAR1L_Q_IV,GNNHAR2L_M,GNNHAR2L_M_IV,GNNHAR2L_Q,GNNHAR2L_Q_IV,GNNHAR3L_M,GNNHAR3L_M_IV,GNNHAR3L_Q,GNNHAR3L_Q_IV,GNNHAR4L_M,GNNHAR4L_M_IV,GNNHAR4L_Q,GNNHAR4L_Q_IV,GNNHAR5L_M,GNNHAR5L_M_IV,GNNHAR5L_Q,GNNHAR5L_Q_IV,HAR_M,HAR_M_IV,HAR_Q,HAR_Q_IV
0.2608119,0.15730841,0.249464,0.23422292,0.27721173,0.16754314,0.24699385,0.23425141,0.28248897,0.18066224,0.24778894,0.24855107,0.29556647,0.18523984,0.24788688,0.24524102,0.2893699,0.20588957,0.25019678,0.24920394,0.2824522,0.19274095,0.2464221,0.24078308,0.2521838,0.17245147,0.22395231,0.2363781
0.19630073,0.12774411,0.19049543,0.18927987,0.20757243,0.13732918,0.1891654,0.18919063,0.20814252,0.14166163,0.18723847,0.19215137,0.21932857,0.13915497,0.18850859,0.18966511,0.2188989,0.1486478,0.18829885,0.196355,0.20387115,0.1470975,0.1873316,0.191853,0.19228598,0.13048477,0.17552383,0.18638457
0.02141108,0.025762256,0.010114204,0.012973213,0.026075277,0.021797307,0.010005313,0.012608907,0.028290598,0.028133297,0.011832478,0.014234344,0.025143398,0.018653488,0.010961562,0.012884872,0.026216023,0.019791063,0.01112611,0.014041942,0.02807063,0.013913718,0.010800492,0.013866675,0.016426908,0.026382904,0.007535159,0.013586279
0.22862379,0.33777818,0.23137502,0.23910867,0.21942471,0.316853,0.23288122,0.23758918,0.22185133,0.32766232,0.23504153,0.23664618,0.20839824,0.3003036,0.23443294,0.23668708,0.20957017,0.3117834,0.23310633,0.23700191,0.22463273,0.29955265,0.23642544,0.23835853,0.23267473,0.35210747,0.25383824,0.24384022
0.19648892,0.28042954,0.20653012,0.2428854,0.19751711,0.27474752,0.20743348,0.2412668,0.19158407,0.27860144,0.20629998,0.24155663,0.19526276,0.26919082,0.20864588,0.24067028,0.19709203,0.26081035,0.2064282,0.23841037,0.19680129,0.25923303,0.20885271,0.24241656,0.19400223,0.292885,0.21341808,0.24820803
0.24130186,0.24625516,0.23529594,0.2294459,0.23670357,0.2354007,0.23489706,0.22530636,0.22712153,0.2346341,0.23490618,0.22464983,0.22708455,0.21458162,0.23995997,0.21890943,0.23558325,0.20198491,0.23504226,0.22050793,0.23481677,0.21200672,0.24271272,0.2263702,0.24126087,0.24032043,0.23473474,0.22999707
0.040036444,0.07541687,0.04017415,0.04007993,0.03826324,0.06852982,0.040613946,0.03953501,0.040174205,0.06666915,0.039196927,0.036727853,0.04035396,0.055463113,0.040068984,0.037602246,0.038739026,0.061873436,0.03936301,0.036489315,0.039054796,0.054676604,0.040405784,0.037688266,0.044521313,0.07503758,0.047070213,0.04170131
0.114099704,0.16140778,0.11439399,0.13784212,0.11155285,0.15269282,0.11411647,0.13640876,0.109039925,0.14491846,0.11340965,0.13345194,0.10799373,0.1360445,0.11585567,0.13295124,0.109057866,0.13844083,0.113834746,0.13223544,0.10886196,0.13558906,0.11685196,0.13495556,0.11152938,0.16869307,0.112383336,0.14092088
0.06299634,0.11267686,0.062155697,0.076412685,0.059647664,0.10789906,0.06269209,0.07511876,0.056005277,0.099429704,0.058754988,0.06685562,0.055255163,0.08952748,0.06139531,0.071548834,0.05641697,0.09472264,0.058350638,0.06770321,0.05832381,0.08741902,0.061703622,0.07189239,0.06545392,0.111989476,0.068854116,0.07550458
0.097918384,0.12872043,0.10137146,0.11527624,0.09621085,0.12878488,0.101482116,0.11463679,0.09761708,0.121944204,0.10111084,0.11160578,0.097438306,0.119909644,0.10211852,0.11377232,0.0968601,0.11669865,0.10163572,0.111717604,0.09724936,0.116833754,0.10269858,0.114271775,0.09935854,0.1353236,0.10508468,0.1160146
0.033338014,0.07561183,0.03243361,0.066073336,0.033067975,0.08039124,0.032333862,0.06537822,0.03252532,0.074293144,0.03191155,0.062411502,0.033131376,0.074270025,0.032548673,0.0654868,0.032882832,0.0683332,0.032080505,0.06263861,0.03173564,0.06931529,0.03266993,0.06494413,0.031519372,0.082068,0.031829063,0.06414218
0.030821944,0.04291852,0.030205326,0.037468385,0.029548531,0.04340963,0.030241927,0.03676622,0.029424995,0.037954323,0.030651797,0.032956295,0.029907912,0.038665358,0.03090532,0.034669343,0.029711049,0.038859375,0.03090054,0.033820376,0.03017665,0.03417476,0.031716198,0.03508552,0.03290343,0.04158341,0.033623345,0.035579123
0.17688006,0.18725605,0.16933694,0.16936278,0.17191666,0.18037994,0.16946831,0.16704513,0.16971524,0.18198994,0.16735093,0.16987538,0.16767357,0.1801323,0.1672341,0.16763307,0.16900542,0.1931578,0.16550305,0.16878536,0.1715652,0.17980774,0.16716641,0.16869864,0.17603438,0.19653596,0.17085245,0.17581627
11.803787,10.656041,11.698974,10.817439,11.8706875,10.54508,11.69179,10.774916,11.830939,10.587464,11.720414,10.966005,11.9044695,10.80079,11.704454,10.849503,11.904342,10.791122,11.72102,10.914442,11.813457,10.752027,11.701585,10.844922,11.763062,10.511534,11.615106,10.858458
0.52286744,0.4000082,0.487341,0.4151344,0.5369542,0.4009106,0.4858464,0.41567886,0.5420532,0.427424,0.47857514,0.42377722,0.55093545,0.39679688,0.4883205,0.41269007,0.54324806,0.40407905,0.47987998,0.42548114,0.5332537,0.4052219,0.48813835,0.41838259,0.5390354,0.40614,0.48005915,0.42865136
2.4031324,2.2210016,2.4622407,2.31279,2.421871,2.2540705,2.4692545,2.3119857,2.3912477,2.223387,2.4903605,2.3023925,2.403444,2.3104491,2.462641,2.3357801,2.4009755,2.2915838,2.4829822,2.3346133,2.5381331,2.2565532,2.456979,2.3422713,2.3425896,2.2290268,2.4834077,2.3203447
0.26338813,0.17340133,0.252619,0.16825967,0.25239265,0.15783204,0.25223106,0.16688767,0.249266,0.14936392,0.25266162,0.17081007,0.24236079,0.16369018,0.2530387,0.17001262,0.24203724,0.16144553,0.2519066,0.1722732,0.24365161,0.17108902,0.25506526,0.17168249,0.2729457,0.18531568,0.2623119,0.17556806
0.11372913,0.12479219,0.10376788,0.21099824,0.12359154,0.1316312,0.10180729,0.2141262,0.121509,0.13100728,0.10907883,0.21165465,0.1303596,0.12168525,0.10588606,0.21352829,0.12938684,0.11597453,0.108496755,0.22079508,0.12310009,0.12549391,0.10557232,0.22078548,0.0995865,0.124963395,0.080415,0.19924769
0.067848,0.073335506,0.06459679,0.03432445,0.0695223,0.078456365,0.06609367,0.034305632,0.06552437,0.08218467,0.057834513,0.032793786,0.068184495,0.08059714,0.06291362,0.034650106,0.06568829,0.07921084,0.058922626,0.033064432,0.065663636,0.07370617,0.061627463,0.03388388,0.075525604,0.08342488,0.07976529,0.038410485
0.5591849,0.495467,0.5751968,0.5606783,0.5696827,0.48897088,0.57331854,0.5575751,0.56222224,0.48663795,0.57626665,0.5681048,0.5756523,0.48750907,0.5707141,0.55444145,0.56704456,0.49155313,0.5763578,0.5706552,0.5596816,0.50384593,0.56931585,0.5658373,0.5489894,0.47605053,0.5652077,0.54131687
0.028581327,0.042015515,0.026246332,0.06614258,0.031056734,0.04876001,0.025440598,0.06545194,0.029572781,0.04261189,0.029215848,0.065444194,0.032513715,0.044934582,0.026915662,0.06367968,0.03253835,0.04081267,0.028413411,0.06693496,0.028285317,0.041386973,0.027651906,0.06582308,0.025674302,0.037506454,0.021737823,0.056386366
0.06548872,0.031097243,0.053640787,0.053222373,0.06572427,0.031190557,0.052130546,0.051250085,0.062162973,0.023575794,0.0561371,0.0574167,0.06411547,0.031171395,0.05461177,0.053152956,0.064369395,0.029899236,0.054916818,0.057852406,0.061172985,0.031863548,0.055049457,0.05524013,0.057939027,0.047267865,0.042444527,0.05785742
0.15637396,0.1577991,0.1604503,0.21434435,0.14831018,0.17332587,0.15749134,0.20941208,0.15938666,0.15333979,0.15269588,0.21873671,0.14889717,0.1514275,0.15857944,0.19221416,0.15981407,0.17112751,0.1578075,0.20074783,0.15757848,0.15832478,0.16023986,0.20856029,0.1541893,0.14757738,0.14678107,0.1918778
0.2668061,0.30972254,0.28340894,0.2606213,0.28364986,0.34010774,0.285165,0.2679776,0.27844128,0.32398182,0.3039319,0.2565201,0.28114069,0.33489454,0.28453463,0.27340052,0.2730969,0.31976435,0.29068,0.26363966,0.26751196,0.32789224,0.28788143,0.26166838,0.2709061,0.29956278,0.33256337,0.2514599
0.060501076,0.06134217,0.07051941,0.0634621,0.06301635,0.08292575,0.06943598,0.061672676,0.06288955,0.07009793,0.062784925,0.06650292,0.06316402,0.07628372,0.07106237,0.05999899,0.06476549,0.078319654,0.06708101,0.05839028,0.061364423,0.07546029,0.074027225,0.06183461,0.06051987,0.068122275,0.0836393,0.06126697
0.1302217,0.1097482,0.09050337,0.16918182,0.113011286,0.09098496,0.090101145,0.1685306,0.12040745,0.09517095,0.10132554,0.1676545,0.111959375,0.08646583,0.08797116,0.1600905,0.112933725,0.10848066,0.095912375,0.16794942,0.123692036,0.089353435,0.083411045,0.1728952,0.12167235,0.11538605,0.0608831,0.16086362
0.13561042,0.08906392,0.11042337,0.12967584,0.12836143,0.0844259,0.11021941,0.121268,0.13203004,0.08385384,0.108167484,0.1322583,0.12894817,0.082358584,0.110536404,0.115467355,0.13179883,0.09812698,0.11121237,0.12596893,0.13419722,0.086651824,0.107653655,0.12991376,0.13124236,0.0949267,0.09067486,0.1248056
0.24539658,0.2432032,0.22582226,0.34505844,0.23311001,0.24371587,0.2229052,0.3283906,0.23552336,0.23993284,0.20309177,0.35851285,0.22930099,0.23241447,0.22273,0.3165715,0.23857658,0.2508536,0.2184016,0.3210897,0.24100593,0.23420452,0.21955185,0.3354035,0.2293205,0.24406274,0.17088957,0.3215055
0.2727825,0.25068572,0.2898316,0.3358343,0.27879113,0.27713016,0.2858153,0.313556,0.27308518,0.2713908,0.25016052,0.36237493,0.27626163,0.26634523,0.2898935,0.3093778,0.28612185,0.26475084,0.27182543,0.3047248,0.27875584,0.2665626,0.29303992,0.31945756,0.26397842,0.25046125,0.2603512,0.31585556
1.5062772,1.3660052,1.5396065,1.5228482,1.4941046,1.355535,1.5318059,1.4900155,1.4991627,1.3495181,1.5011474,1.5430634,1.4877838,1.3425612,1.5369345,1.4843023,1.5022309,1.3680485,1.5219475,1.4960405,1.4963547,1.3673179,1.5379106,1.507105,1.4747051,1.406119,1.4626127,1.5215169
0.24232541,0.21735805,0.2976816,0.37251684,0.24829726,0.24770181,0.2869059,0.3316777,0.24682686,0.24011731,0.2260196,0.4264234,0.24595729,0.23592122,0.29737183,0.33215207,0.26265526,0.24982172,0.26657102,0.3298205,0.25175425,0.23522757,0.30737847,0.35299975,0.22346826,0.21506959,0.23895311,0.34421083
0.110352404,0.08386543,0.1287553,0.1190135,0.11569143,0.09025236,0.1257803,0.10650635,0.11599609,0.08997211,0.11611661,0.14337777,0.11675623,0.08792957,0.12955247,0.106908485,0.11832364,0.08877628,0.12164882,0.10526206,0.11529954,0.08639289,0.13410053,0.11525158,0.11282535,0.07730745,0.1310371,0.10798584
0.34913483,0.29503042,0.39333445,0.46641386,0.351692,0.3206426,0.38382092,0.4318612,0.35074478,0.31622502,0.32977492,0.5148258,0.34996414,0.30643946,0.38893408,0.43138787,0.365191,0.32905868,0.36643168,0.432317,0.36048177,0.30793998,0.39537224,0.46037486,0.3321013,0.2776976,0.34239817,0.4335188
0.072301455,0.056445744,0.09393313,0.094129354,0.0769074,0.060050532,0.0914931,0.08343391,0.075146504,0.05594739,0.09282794,0.11227353,0.074683696,0.05826316,0.09262506,0.08454709,0.073410064,0.05644674,0.0898195,0.0826247,0.0717743,0.05550527,0.09615662,0.09097077,0.06627672,0.05654188,0.10055006,0.08272708
0.32762957,0.35278493,0.30072272,0.5071842,0.31508568,0.3745054,0.29600176,0.4826917,0.31521496,0.37063017,0.25828367,0.53814536,0.31184942,0.34906814,0.29263434,0.47563928,0.3243476,0.38749185,0.2842456,0.4787777,0.32933757,0.35827443,0.2891811,0.5166262,0.3154421,0.35060447,0.23989604,0.46835157
8.891048,8.578688,9.00854,7.968802,8.926895,8.419344,9.026135,8.102989,8.958881,8.41328,9.305212,7.7891316,8.944623,8.484989,9.014588,8.079704,8.870321,8.392362,9.121281,8.134951,8.894305,8.513558,9.034853,7.9283442,8.96334,8.587922,9.404225,8.093547
0.02452033,0.03109956,0.104732156,0.022322576,0.024532767,0.041996412,0.09189893,0.016713861,0.021258585,0.03618004,0.027295915,0.04371384,0.020113653,0.050522987,0.10910504,0.018569585,0.019561835,0.037496664,0.05731485,0.017399404,0.01822401,0.0405681,0.14082558,0.017756682,0.032401104,0.036481667,0.16227026,0.020050904
0.060566127,0.046479,0.045587692,0.052719247,0.041336928,0.029461155,0.040780503,0.05641772,0.05245815,0.032441344,0.03128538,0.053352218,0.041352037,0.02960328,0.047668353,0.05246843,0.03816927,0.034735788,0.032315657,0.05545243,0.04824143,0.030364994,0.058510885,0.05674426,0.06474644,0.056111936,0.06357985,0.049999055
0.309693,0.29506654,0.33466756,0.22448401,0.31830823,0.30196953,0.33339864,0.23016973,0.31700155,0.3017391,0.3157985,0.21793404,0.32286894,0.30896577,0.33660933,0.2301341,0.32006803,0.29797056,0.3211339,0.2290392,0.3169941,0.30256546,0.34766844,0.22449248,0.33104268,0.29266313,0.40106046,0.23113033
0.06529135,0.064986035,0.08117189,0.09881364,0.05749015,0.05589394,0.077539325,0.100804694,0.0608569,0.05652134,0.07733503,0.09763206,0.058528922,0.05493619,0.078777336,0.09827647,0.05654152,0.057024594,0.07553304,0.09925498,0.06284085,0.054982316,0.08294443,0.10037399,0.06285019,0.064565085,0.0901407,0.09209515
0.9558207,0.9112837,1.0845073,0.9147898,0.96999645,0.91181344,1.0771005,0.92129666,0.9504824,0.9110232,1.082103,0.91166955,0.978284,0.91276747,1.0737432,0.9307968,0.9482113,0.9114877,1.0717629,0.9312105,0.9653701,0.9189731,1.0837677,0.9106579,0.9721021,0.89384764,1.1719109,0.92177504
0.07948199,0.057643842,0.04688515,0.054183856,0.079244874,0.059135668,0.047049303,0.055850312,0.08303588,0.060627718,0.042981368,0.05243679,0.07471021,0.05833488,0.04753869,0.052081086,0.0846609,0.06410555,0.045254417,0.051717006,0.07596702,0.061410118,0.048302226,0.05496458,0.07826176,0.068110295,0.046086174,0.05212347
0.06951996,0.046961274,0.06410138,0.04717474,0.06932821,0.04903931,0.06252002,0.05111868,0.08108883,0.043796036,0.06755409,0.04247106,0.06950863,0.041583855,0.06272916,0.04609554,0.080911465,0.056957085,0.063126944,0.051027473,0.075474784,0.049727336,0.06688566,0.052092627,0.06895142,0.050384298,0.06766566,0.044010278
0.16137342,0.15445434,0.19352645,0.18265185,0.15914698,0.1466453,0.18943453,0.18657273,0.16031055,0.14434887,0.19676842,0.18634717,0.165498,0.14639997,0.18711203,0.19156519,0.15712602,0.14325431,0.18969508,0.18955752,0.16530077,0.14603825,0.18987781,0.1869784,0.16330157,0.15218183,0.20464422,0.1839487
0.09903383,0.09080672,0.06901111,0.06395164,0.11043594,0.09870376,0.07139374,0.064589575,0.10802958,0.10782894,0.06874413,0.06493328,0.11287904,0.10788074,0.07169486,0.06409482,0.10916291,0.10172729,0.0676761,0.06488517,0.11087998,0.103163235,0.06563947,0.06594662,0.099384196,0.10189377,0.06506725,0.06952245
0.19434468,0.21858726,0.1666987,0.19084367,0.21387357,0.23252597,0.17014088,0.18858534,0.21288525,0.24097705,0.17058846,0.19234905,0.22060174,0.24866113,0.1722062,0.18868205,0.21695296,0.2321427,0.16738203,0.18716215,0.21900423,0.23366186,0.16287877,0.19418867,0.19266193,0.2178709,0.15621077,0.19293877
0.048984118,0.054937776,0.037279125,0.044598356,0.070607506,0.06413016,0.039197225,0.043609004,0.06282516,0.068052076,0.03997039,0.046262342,0.06966421,0.07731195,0.040175788,0.04333551,0.0640182,0.06452213,0.03850863,0.043498162,0.08287021,0.06830042,0.036883425,0.045596816,0.04688055,0.057646725,0.033975083,0.04460874
0.059936866,0.08114021,0.052970972,0.06486208,0.07850398,0.09769989,0.055142473,0.0599593,0.071973726,0.111196525,0.05588083,0.067078255,0.07760916,0.11763682,0.055404063,0.06633938,0.07455759,0.09851983,0.052845225,0.05977745,0.085394174,0.10488688,0.052175753,0.06847333,0.060291264,0.08188925,0.056635957,0.061641444
0.052290473,0.065562144,0.05431407,0.08055136,0.043530006,0.063330345,0.050689973,0.084185876,0.045885716,0.060140204,0.049579,0.07280326,0.044261757,0.055797562,0.049561907,0.076433234,0.04790647,0.0574021,0.053561404,0.08083912,0.040603947,0.053925324,0.056505784,0.074640684,0.05181373,0.06496859,0.06132277,0.07284597
0.89066637,0.8526821,0.9303877,0.8399093,0.85768974,0.8275438,0.92289835,0.86130637,0.8624187,0.8536738,0.9191839,0.83156496,0.86317366,0.83508086,0.915898,0.8488293,0.87085754,0.8418876,0.9238304,0.8587666,0.8545893,0.82245576,0.9383681,0.83330166,0.91180724,0.8544413,0.9926865,0.83910066
0.019115638,0.031346366,0.0075919954,0.025890285,0.017045047,0.029129712,0.007138943,0.026179712,0.015426365,0.043891966,0.005785408,0.020758873,0.01787215,0.03575995,0.00695364,0.026588839,0.017030176,0.020938536,0.0067231325,0.023214126,0.016389266,0.025573943,0.0073523014,0.0241271,0.022322835,0.030632192,0.011347712,0.023072265
0.014024197,0.027301045,0.0122022,0.026678571,0.020662554,0.029610528,0.012384963,0.025519125,0.017945403,0.03833859,0.013922574,0.024918484,0.017872447,0.035172,0.0121324295,0.026916951,0.016254364,0.028264217,0.011954863,0.024218297,0.02626739,0.028138569,0.012100318,0.026685126,0.013279747,0.026085533,0.014156516,0.022761177
11.297094,10.951055,11.000595,10.807561,11.390301,10.981311,11.013003,10.829024,11.328181,10.870561,10.963401,10.829051,11.317877,10.926146,11.01804,10.8048525,11.2893305,11.054851,11.013931,10.843384,11.384598,11.015379,10.999919,10.80174,11.271921,11.070882,10.894274,10.877116
0.16485319,0.22423883,0.101194374,0.110316426,0.07548841,0.15720487,0.08296441,0.1443048,0.10374994,0.115660004,0.058365602,0.07045775,0.0701605,0.092157446,0.079048246,0.11106277,0.08453159,0.15938976,0.11272145,0.12954709,0.076670505,0.11057305,0.13670403,0.06995632,0.20741674,0.24334583,0.19421302,0.08806019
0.28041407,0.32222763,0.3000982,0.38425598,0.33154255,0.3467394,0.310778,0.35619986,0.3517755,0.40009663,0.354831,0.43117952,0.3534423,0.43786094,0.31175792,0.39332473,0.36103883,0.41262817,0.30192858,0.36550897,0.34858975,0.3717486,0.27776673,0.4331214,0.25253788,0.3063654,0.25677344,0.3830711
0.028614914,0.068873845,0.017555138,0.03847083,0.016769234,0.05110587,0.015243425,0.03828633,0.019318456,0.057560842,0.012949193,0.04102713,0.018021243,0.06935153,0.014165928,0.041905656,0.01674968,0.04631977,0.020372272,0.03512938,0.017005319,0.053692445,0.022977978,0.044188183,0.037657227,0.06915406,0.04031552,0.03396774
0.10798187,0.103261195,0.104796104,0.17913254,0.12546475,0.11991347,0.10695185,0.16243008,0.12614714,0.11134665,0.1169015,0.19661342,0.12843855,0.12166332,0.109435156,0.17444597,0.13047202,0.11667668,0.10439956,0.17073171,0.12153868,0.11397644,0.09672525,0.19614586,0.094016545,0.08789713,0.071067415,0.1676326
0.35265878,0.2387872,0.33538973,0.37755907,0.35155708,0.25179783,0.33205944,0.3734718,0.35944504,0.21392018,0.33562616,0.39144376,0.35005283,0.21282195,0.33422083,0.36373928,0.35412437,0.2516584,0.33768544,0.38818666,0.3378205,0.22106221,0.32842624,0.3842694,0.3300249,0.21037002,0.28440434,0.36045277
0.07187411,0.04474707,0.06872525,0.049693696,0.08110449,0.035063047,0.070059724,0.05053382,0.08243796,0.04218113,0.07468425,0.057264045,0.08373907,0.045422785,0.07274222,0.044325132,0.0840663,0.031241413,0.06714444,0.055188444,0.07928366,0.032212127,0.06391867,0.054433893,0.065129004,0.038954932,0.049302142,0.047454543
0.18883848,0.111043535,0.19017546,0.20626341,0.19948244,0.11028164,0.19097137,0.20305295,0.20367114,0.09800287,0.201398,0.22639704,0.20314527,0.10255179,0.19592145,0.19335774,0.20477456,0.11601976,0.18790984,0.2172015,0.19385694,0.09400365,0.18143287,0.21861249,0.17102338,0.08045969,0.14392973,0.19479582
0.17565526,0.21361682,0.17637229,0.18922964,0.17421064,0.19593309,0.17619656,0.18712436,0.17146732,0.18496428,0.17348465,0.18796954,0.1736255,0.20193987,0.17681636,0.18459208,0.17179163,0.17707127,0.17509612,0.1825399,0.17165658,0.18123052,0.17675875,0.19082369,0.17329082,0.21733904,0.1778405,0.18175776
0.32888848,0.28149837,0.35426274,0.34120756,0.34004888,0.27879685,0.357295,0.32873216,0.3458322,0.2852138,0.3677124,0.3566267,0.3506661,0.2888492,0.36260906,0.33965138,0.3520522,0.28441867,0.35383412,0.32978123,0.35291383,0.28697738,0.35235798,0.35381785,0.3329239,0.2820738,0.34243378,0.34370404
0.041488364,0.06505459,0.027674891,0.06363218,0.036757305,0.04451156,0.026952395,0.055885933,0.036244903,0.038889088,0.026121702,0.069729246,0.03549101,0.04475965,0.027789315,0.056289416,0.03690422,0.033852164,0.02841357,0.05997694,0.032126836,0.03006563,0.02775294,0.07094877,0.035866853,0.048206676,0.021801228,0.045804624
0.05659871,0.09236308,0.045253042,0.10513869,0.054781776,0.07732964,0.04483087,0.09068484,0.05313216,0.07379898,0.044939052,0.112116694,0.054180883,0.07284315,0.045418013,0.10077844,0.054724358,0.062271502,0.045089282,0.095458366,0.049029604,0.0704855,0.043505125,0.11284045,0.04787983,0.08139316,0.033501286,0.086568944
0.30822036,0.31151003,0.28660604,0.41077197,0.29730552,0.29919726,0.28481025,0.38269407,0.30263022,0.2623044,0.28382033,0.42184862,0.29688367,0.2673735,0.28612247,0.3966935,0.30173472,0.26933548,0.28633916,0.387896,0.2849805,0.28339657,0.28144282,0.41826528,0.28631273,0.27212238,0.24277118,0.37614074
0.037160423,0.10966372,0.0374702,0.030527322,0.035573047,0.07943954,0.037535723,0.030914865,0.032067142,0.08152818,0.034834657,0.025769036,0.036249485,0.07161853,0.037643217,0.02811504,0.034953497,0.06042795,0.037170358,0.027345782,0.037619673,0.061342243,0.041675884,0.028802926,0.04392581,0.11301964,0.060847472,0.02764504
0.023611816,0.073674016,0.017411944,0.05075212,0.021460388,0.052810863,0.015853014,0.051715124,0.01665618,0.05450174,0.015473508,0.058214836,0.02104638,0.04381955,0.016541779,0.051092114,0.020563053,0.045647368,0.01699838,0.05076977,0.020579642,0.046170797,0.01368771,0.052603923,0.019421315,0.06300432,0.008828978,0.044995382
0.2966809,0.3959778,0.30060834,0.35762066,0.28778416,0.3770404,0.29823384,0.35200167,0.27631673,0.36858878,0.30298364,0.35400867,0.29402727,0.36258215,0.29762128,0.3561193,0.29116935,0.36526585,0.30371532,0.35445955,0.2909302,0.36671674,0.30184016,0.35438627,0.29939038,0.3885322,0.30503595,0.34885997
0.38368073,0.16161783,0.36695993,0.30096915,0.3623443,0.1498678,0.35857594,0.3056879,0.33885816,0.1599353,0.36098,0.33789918,0.36104918,0.18915953,0.36565503,0.31076306,0.35564795,0.18562552,0.36882713,0.33405587,0.33986455,0.17970794,0.34750935,0.32619017,0.37292644,0.15685992,0.3141895,0.29914677
0.11091512,0.16207962,0.09633292,0.1354571,0.11221239,0.14340718,0.09445327,0.1434431,0.111267164,0.14051056,0.09324275,0.15719905,0.11118975,0.116877176,0.098402664,0.1445224,0.11252247,0.1096815,0.096054934,0.14075103,0.112749614,0.10759606,0.08998165,0.14643304,0.10238334,0.15258953,0.07586574,0.1379181
0.12187233,0.13548222,0.11327561,0.15044127,0.12341784,0.12154562,0.11175526,0.17262904,0.122163646,0.1331121,0.10563461,0.18096574,0.11866401,0.1258398,0.11527637,0.15587734,0.12072953,0.14190026,0.109766155,0.1630518,0.117794074,0.12551814,0.102647096,0.17074586,0.11524461,0.12156405,0.09080494,0.14540714
0.051393766,0.100132056,0.038889516,0.07942526,0.05610256,0.0847447,0.03796233,0.091232166,0.06113107,0.09861699,0.033940673,0.10234499,0.052954476,0.078013815,0.04057204,0.08643137,0.056647666,0.0734999,0.036053117,0.085200034,0.057919867,0.07110076,0.03178702,0.09168837,0.043262143,0.09163274,0.021099608,0.08014486
0.08019409,0.08433273,0.07055414,0.08851751,0.08436132,0.07613791,0.06917981,0.09972385,0.08602056,0.08514479,0.06261902,0.1125994,0.078035355,0.07704072,0.07152454,0.09174164,0.08088448,0.08552766,0.06553559,0.09983047,0.078906305,0.07276704,0.059027612,0.103466414,0.07189339,0.07933517,0.047276996,0.09046645
0.14329462,0.1982993,0.14251752,0.1469033,0.14499743,0.17353469,0.14185722,0.15336098,0.14194277,0.19247931,0.13663621,0.16003317,0.14034936,0.17062327,0.13998167,0.14960758,0.14088683,0.17554237,0.13796382,0.15161003,0.1399596,0.16763154,0.13517906,0.15432142,0.14071779,0.18389228,0.13794397,0.1466816
9.29293,10.479933,9.56551,9.702131,9.275882,10.614702,9.587577,9.662146,9.3134,10.500127,9.665822,9.460431,9.348262,10.362421,9.544976,9.706526,9.327261,10.273463,9.6107235,9.545264,9.383191,10.400528,9.717587,9.568119,9.395761,10.458311,10.005761,9.623385
0.22644897,0.2805362,0.22269154,0.2589091,0.2401406,0.396557,0.22685432,0.3684469,0.32843968,0.40123123,0.22395732,0.34422788,0.22975187,0.38459536,0.22764628,0.27350685,0.23704024,0.467002,0.21659109,0.2747135,0.250018,0.3553108,0.21998006,0.31695828,0.22531535,0.26807207,0.22413525,0.2617446
0.0657771,0.0746572,0.034714427,0.05605171,0.0422022,0.103738815,0.031633377,0.094293065,0.03395271,0.09628361,0.033934016,0.07824271,0.03962906,0.08869519,0.030488648,0.05774549,0.032882243,0.14105247,0.039703295,0.05392231,0.030683212,0.085840024,0.03284355,0.07134783,0.07449805,0.07372607,0.030772828,0.052843187
1.8481208,1.4803697,1.814319,1.5711788,1.83901,1.5284494,1.8083038,1.5956516,1.8207333,1.4948406,1.8190502,1.6051505,1.8275158,1.5270909,1.8107978,1.5908982,1.8213794,1.445618,1.8152741,1.6038247,1.8009678,1.4954927,1.7985189,1.5965904,1.8380879,1.4976254,1.7816237,1.584118
0.19416332,0.26140213,0.22668329,0.2843301,0.19563556,0.27215067,0.2261955,0.31325442,0.21601833,0.26228735,0.23216906,0.31000656,0.19818702,0.26189473,0.23051308,0.29129422,0.20112695,0.27632168,0.22944109,0.29078525,0.20374508,0.27342048,0.23110442,0.3088322,0.19728929,0.2551836,0.23425396,0.2755889
0.18261464,0.24855267,0.2459715,0.31618387,0.15373938,0.18889861,0.23806904,0.25582036,0.13540268,0.1741347,0.2650684,0.28116474,0.15965751,0.23658638,0.22710964,0.29500657,0.1497784,0.25019556,0.25863668,0.3017995,0.14556201,0.21943957,0.25902674,0.27440086,0.17181088,0.22476725,0.2709032,0.2835828
0.06954716,0.052077763,0.02863449,0.026137915,0.08172781,0.058847286,0.030648509,0.026319088,0.10101931,0.068504184,0.024582168,0.021672318,0.07877276,0.073892824,0.029138066,0.02144528,0.08218361,0.11075506,0.025633724,0.022057714,0.088068955,0.046820246,0.02663765,0.02067412,0.07474235,0.07773363,0.029528413,0.03286474
0.87730503,0.83707494,0.8945867,0.89589375,0.8707792,0.8384171,0.88951516,0.8891743,0.8594171,0.79836214,0.90062743,0.89727694,0.8692129,0.7982671,0.89460534,0.91178,0.8676788,0.76693976,0.9018917,0.90158087,0.85917354,0.858766,0.89301354,0.9008443,0.8783934,0.784954,0.88851243,0.8515237
0.41845706,0.36902198,0.42433062,0.40816376,0.42174596,0.37781975,0.42220578,0.41750666,0.43365508,0.3650123,0.42522022,0.41210622,0.41993505,0.35351056,0.4275171,0.4231203,0.42195937,0.34961578,0.42809546,0.40939334,0.42185012,0.39792284,0.42252567,0.41943792,0.42664745,0.35943195,0.42079645,0.3878981
1.0175456,0.9482139,1.0606267,1.0209047,1.0183877,0.90448433,1.0593396,0.99675083,1.0282017,0.9524728,1.0643765,1.0184648,1.0167245,0.96401423,1.0530212,1.0166409,1.0154008,1.0530437,1.0615917,1.0210515,1.0304569,0.94716054,1.0680975,1.0078764,1.0072924,0.9468839,1.075306,1.0234673
0.11048849,0.11033032,0.11495451,0.15738766,0.11755344,0.12879613,0.11289322,0.1815977,0.14115052,0.09956536,0.11582966,0.18335228,0.10999995,0.096832626,0.11673167,0.17319207,0.11705991,0.09309471,0.1142564,0.16627297,0.11182747,0.11786227,0.106984146,0.18022637,0.103988715,0.09237721,0.09550465,0.13459511
0.22234231,0.1526019,0.16822074,0.10612734,0.25327107,0.18934332,0.17342347,0.13105649,0.30420843,0.19101477,0.15671346,0.12292839,0.24801847,0.17601283,0.17768843,0.11901119,0.25984687,0.18687114,0.15910192,0.1133727,0.26844046,0.16850966,0.15894851,0.12566872,0.23298508,0.18215089,0.15904243,0.11820932
0.2983359,0.29785925,0.27085945,0.27467507,0.3267668,0.31258115,0.27277032,0.27809656,0.36187994,0.28193516,0.27148587,0.2661059,0.3180054,0.28420892,0.27790216,0.27007625,0.32462338,0.30359536,0.27237138,0.26520365,0.33174813,0.2830799,0.26905042,0.26896474,0.3044261,0.2806896,0.26935297,0.25302973
0.09571848,0.07604648,0.08398148,0.081381544,0.120071344,0.09327713,0.0862882,0.08667359,0.16421129,0.08632297,0.07900209,0.08308645,0.113422684,0.08242275,0.088175505,0.08052267,0.122249976,0.10219415,0.07870321,0.07827159,0.13211678,0.08155115,0.07885436,0.08125584,0.095084935,0.06657113,0.07802752,0.06779683
0.030637974,0.029029509,0.033456087,0.026909184,0.056779694,0.03784114,0.037396885,0.028502772,0.044516694,0.042664193,0.031197242,0.025212975,0.042234953,0.04489656,0.03877223,0.027242023,0.041938294,0.041501764,0.03818867,0.02892565,0.047447555,0.043003682,0.034090646,0.027361419,0.028270556,0.037023943,0.030167826,0.025161058
0.22904721,0.28580248,0.24537767,0.26153415,0.26368156,0.27273035,0.24907272,0.26187012,0.24351008,0.30126655,0.24254915,0.250943,0.24479157,0.33207798,0.25038233,0.24797678,0.2402888,0.3046239,0.2547268,0.27287695,0.24223219,0.32866606,0.25564736,0.26491576,0.22302815,0.29592133,0.25848725,0.26799077
0.07365753,0.118674375,0.08843837,0.1078571,0.08922389,0.12796034,0.09326582,0.118506335,0.08408334,0.14158456,0.086254485,0.107709594,0.08184378,0.13006793,0.098613486,0.113476835,0.0837331,0.14645408,0.094936,0.11106388,0.08831569,0.14072153,0.098850496,0.11271612,0.076342724,0.11542965,0.10188595,0.104080535
0.033415172,0.047212053,0.041479595,0.05307093,0.03644645,0.04741362,0.043602597,0.05147679,0.0341491,0.055644583,0.039854206,0.05030137,0.0341822,0.054348398,0.046341844,0.052090455,0.03389754,0.060830753,0.043885235,0.050746616,0.034920443,0.0657192,0.04733498,0.05276906,0.034036633,0.057424046,0.048726507,0.0523379
0.470992,0.4018107,0.4481264,0.4013099,0.4761109,0.41391614,0.4464058,0.3978184,0.4852025,0.3963853,0.454534,0.4056107,0.47668293,0.395028,0.44375733,0.3965604,0.48233482,0.38637856,0.44870692,0.40456656,0.48173016,0.36564347,0.44488996,0.39270893,0.4699323,0.37940454,0.45007437,0.38302895
0.036647256,0.06599476,0.048852406,0.077544376,0.038791236,0.07087604,0.049850143,0.08172797,0.03779886,0.07580189,0.04959993,0.083822645,0.037542045,0.07611947,0.050640907,0.08306741,0.037438177,0.07185694,0.052002244,0.0820482,0.03767679,0.07650113,0.051193953,0.08216135,0.03630977,0.055351697,0.05109598,0.06824727
0.3216624,0.27593023,0.30790836,0.27979755,0.3312839,0.28304794,0.31034833,0.28912747,0.32945687,0.27724552,0.3073815,0.28890702,0.32595512,0.25730902,0.31403038,0.29009888,0.33236435,0.27352998,0.31149945,0.2832343,0.33201748,0.26035115,0.30416194,0.28362885,0.3196959,0.28238395,0.28848544,0.29003102
0.1144098,0.14890173,0.11523332,0.14674963,0.11332016,0.14918132,0.11507173,0.14951143,0.110594936,0.14732255,0.11425555,0.14461078,0.11131504,0.15268572,0.114142254,0.14789864,0.110334426,0.143115,0.11459345,0.14565082,0.10982173,0.15298107,0.11459169,0.14595225,0.11376913,0.14443634,0.116315745,0.13680631
0.060366396,0.10770706,0.066193596,0.09260819,0.06939102,0.10153243,0.067003705,0.10017232,0.06524835,0.10761519,0.0659838,0.100420356,0.064656734,0.11037542,0.06642493,0.10546847,0.06290079,0.09896048,0.069709234,0.100009255,0.0637045,0.1253225,0.064313255,0.1047362,0.05638077,0.11273857,0.059072778,0.099627614
0.4052297,0.36104998,0.41202158,0.35363394,0.41158113,0.35093197,0.41365758,0.35478103,0.41194242,0.35977462,0.41366342,0.35935193,0.4098379,0.35943747,0.41471794,0.36392918,0.41049907,0.3601745,0.4159631,0.35508344,0.411846,0.37563977,0.41243663,0.35794088,0.4047806,0.38202107,0.40919858,0.3675656
0.1756752,0.14427511,0.17688751,0.15983258,0.18727998,0.165749,0.17897514,0.17651913,0.18518682,0.17697032,0.17559811,0.18138276,0.17955962,0.16766433,0.17859952,0.17722173,0.18635444,0.17590062,0.17961363,0.17698431,0.18678729,0.16353351,0.17049001,0.17662962,0.17001107,0.14954685,0.15847982,0.16633569
1.8402727,1.844219,1.8112305,1.7768191,1.7877736,1.7638863,1.8030219,1.7082875,1.8013328,1.7179074,1.8138756,1.7025342,1.8152331,1.7577299,1.7981514,1.7222177,1.7995889,1.7542912,1.8034465,1.7310117,1.7928051,1.8023599,1.8217163,1.7090366,1.8554289,1.8533128,1.8612235,1.7357632
0.07879939,0.07335456,0.08738928,0.07224904,0.075299785,0.07500811,0.09044487,0.07195164,0.08242715,0.09363414,0.09018853,0.07712526,0.07852522,0.08692349,0.09355275,0.0731069,0.08299504,0.092502154,0.09634701,0.07380236,0.081496194,0.06973899,0.0936001,0.073761344,0.080781534,0.069544956,0.09232964,0.071964525
0.01743242,0.026274638,0.03178786,0.026462488,0.022074949,0.031332597,0.034293585,0.030822733,0.022456698,0.04764499,0.033088528,0.034777965,0.019712074,0.0397471,0.036128946,0.032423045,0.022239275,0.044223294,0.038303122,0.031217353,0.021971123,0.029159551,0.035388697,0.032002375,0.016596833,0.02327344,0.032591604,0.027649963
1.5788918,1.4296869,1.5648525,1.4320418,1.5613669,1.4004033,1.5635644,1.4166799,1.5775534,1.400986,1.5689899,1.4081587,1.581276,1.3979759,1.569321,1.4159358,1.5848172,1.4051038,1.5698336,1.408932,1.5805194,1.3930296,1.5728776,1.4104756,1.5917398,1.4567376,1.5762098,1.4435546
0.83335227,0.77891725,0.8623325,0.7662638,0.84262556,0.75025564,0.86397207,0.7455916,0.824366,0.75317097,0.86040175,0.7486488,0.82528687,0.7677193,0.8597835,0.74902433,0.81706876,0.7604416,0.8653274,0.75201535,0.82008064,0.7734549,0.86545527,0.7496792,0.8310537,0.7898641,0.8750233,0.7627533
1.0400147,0.9738104,1.0362111,0.98584586,1.0639977,0.9791426,1.0394043,0.98776877,1.0495372,0.9702895,1.031541,0.9988785,1.0404136,0.9837053,1.0405924,0.98966694,1.057921,0.98958814,1.0407343,0.9887892,1.0500588,0.9427838,1.032305,0.9894883,1.0278208,0.9615036,1.0109444,0.98096013
0.12783723,0.12973802,0.1708153,0.12562506,0.14942728,0.14058273,0.1751749,0.1336208,0.13611302,0.1343669,0.17012052,0.13228144,0.1323397,0.13549553,0.17196575,0.1363737,0.13030012,0.13342042,0.17893676,0.13026728,0.13288559,0.14373414,0.16897139,0.13152745,0.121964425,0.13485178,0.16218056,0.12792222
0.13271517,0.08672043,0.16248845,0.10726463,0.14470448,0.091200545,0.16511099,0.111517124,0.1463792,0.08873725,0.16587925,0.12173531,0.1404409,0.0878424,0.16754976,0.11626895,0.14408875,0.09091995,0.17221598,0.113431096,0.14449738,0.08806233,0.16107754,0.11552992,0.12875602,0.09082557,0.1443979,0.11528246
0.19386706,0.17406668,0.20281246,0.17574933,0.19663674,0.18037276,0.20375958,0.18864079,0.19862284,0.18414743,0.20290385,0.1837764,0.19652724,0.1740162,0.20258799,0.19052461,0.19629431,0.17550659,0.20348237,0.18100262,0.19580981,0.18480326,0.2009694,0.18391286,0.19477563,0.18815543,0.20032549,0.1825902
0.1725368,0.17154226,0.15028806,0.18997194,0.16230537,0.16100796,0.14858626,0.17728157,0.16815564,0.16301933,0.15089016,0.19044584,0.16279031,0.17570771,0.14925402,0.17711893,0.17179471,0.17088649,0.14651948,0.1815132,0.16436906,0.13095275,0.14605416,0.18215083,0.16909619,0.15009764,0.13759334,0.17567454
0.061120532,0.08817515,0.06250488,0.075858004,0.06395657,0.090474494,0.0619768,0.0732604,0.06182968,0.09217548,0.06272363,0.07454113,0.06180109,0.09527476,0.05995862,0.07450137,0.057823386,0.09430076,0.062222604,0.076424524,0.059591837,0.100665845,0.061806213,0.075397365,0.061599407,0.094212316,0.067827135,0.07372219
0.16692369,0.14840755,0.1374977,0.12864214,0.1693634,0.15702179,0.13825625,0.12539908,0.1740338,0.16987844,0.1388461,0.13660543,0.16850515,0.16906424,0.14374925,0.123204626,0.17143479,0.16862516,0.14196944,0.12531303,0.1633022,0.16020036,0.14331654,0.12442861,0.16760543,0.13909216,0.1354885,0.13030116
0.1932574,0.1896979,0.19115135,0.19244094,0.19338498,0.189684,0.19146672,0.19004363,0.19164842,0.19150577,0.18864423,0.19292618,0.18850024,0.19162378,0.18749717,0.18869552,0.19128408,0.18534558,0.18808421,0.18671106,0.19221637,0.19040214,0.1869939,0.18794148,0.1911439,0.18013424,0.1863152,0.18838218
0.14158008,0.13980557,0.11792956,0.14339417,0.14104961,0.15098406,0.118686624,0.14217232,0.14082502,0.17062733,0.118059956,0.15101399,0.14047185,0.16249564,0.122167945,0.14133197,0.14097089,0.15879942,0.120239966,0.138525,0.14273733,0.15593448,0.119360656,0.14288391,0.13939707,0.14027336,0.107490756,0.1437273
0.5162154,0.46997774,0.52260184,0.47503528,0.52237993,0.47909287,0.5216834,0.47873786,0.52165586,0.46533346,0.5231155,0.47349823,0.52435315,0.46765962,0.5153831,0.48095676,0.5106009,0.479301,0.51618564,0.4966882,0.49567813,0.48258245,0.5162838,0.48124886,0.50270206,0.49335232,0.51979303,0.47777414
0.020095088,0.030891962,0.028051397,0.026834536,0.020467775,0.03215449,0.027500484,0.027928766,0.018328985,0.037341233,0.025527718,0.023340566,0.021125024,0.036376636,0.025199998,0.028557437,0.01925531,0.037773475,0.026182063,0.030080307,0.021721939,0.032378864,0.026328092,0.029622324,0.022734191,0.03169049,0.032715555,0.023795549
0.20069745,0.2233271,0.20348737,0.22973326,0.19903925,0.2305441,0.20314632,0.23185448,0.19608688,0.22991256,0.20117961,0.225549,0.19918661,0.2268188,0.20141022,0.22967704,0.1980578,0.22745588,0.20211063,0.23070778,0.2028866,0.22644956,0.20087673,0.23179854,0.20147447,0.22345904,0.20163754,0.22232531
0.15968795,0.14269488,0.16935351,0.15413663,0.15695395,0.13784117,0.16874494,0.15623051,0.15418848,0.142449,0.16599096,0.15179582,0.159104,0.13860385,0.16608663,0.15955815,0.15820003,0.13905188,0.16719154,0.1584374,0.16917132,0.1413373,0.16577774,0.16287968,0.16407984,0.14922385,0.16878214,0.15696459
1.2965252,1.1300935,1.2731004,1.1183016,1.3021445,1.1188122,1.2738146,1.1153351,1.3274015,1.1209989,1.2852265,1.1265968,1.306654,1.1378216,1.2794105,1.1181386,1.3148444,1.1317084,1.2811323,1.121452,1.283748,1.121934,1.2822672,1.1156493,1.2951044,1.1200744,1.2823694,1.1378905
0.21585532,0.18870102,0.22857334,0.22840539,0.22460438,0.21623455,0.22775507,0.22991247,0.21784578,0.21593817,0.22835808,0.22222398,0.22935082,0.21055943,0.22493264,0.22385411,0.21486759,0.21983887,0.22277778,0.23671918,0.22042838,0.22058591,0.2268732,0.2210427,0.20446666,0.20218349,0.22789983,0.21566996
0.021440914,0.017709203,0.029951196,0.0147263305,0.019662512,0.013734704,0.029202562,0.0144653125,0.017844977,0.014408765,0.027593013,0.011101516,0.019674301,0.017556388,0.02582421,0.014661236,0.018384278,0.015451576,0.026372882,0.01688266,0.030151932,0.014981497,0.02510234,0.012055317,0.02676415,0.015639767,0.03590495,0.012179619
0.06633086,0.061315555,0.07268098,0.08092667,0.06982514,0.069175415,0.0725447,0.08182159,0.06678541,0.07084413,0.073014565,0.08149974,0.07234061,0.081796214,0.073496915,0.07973948,0.067498,0.07716666,0.072123155,0.08106507,0.07245942,0.072121546,0.07467553,0.081454754,0.06146646,0.06878694,0.07032829,0.07912364
0.12309917,0.11029197,0.12299392,0.1271913,0.12200947,0.109568104,0.12290649,0.12636013,0.11983805,0.1064354,0.12318509,0.12798484,0.12195982,0.11428462,0.121668845,0.12734117,0.12061294,0.10976445,0.12136566,0.12895891,0.12918177,0.10743072,0.119938165,0.12840806,0.12128281,0.10735278,0.117875956,0.1259923
0.7226817,0.79889816,0.8025874,0.78830147,0.7235101,0.78515536,0.79989845,0.7965451,0.71345174,0.7916447,0.7982165,0.7772373,0.7215979,0.79258764,0.79216856,0.7981183,0.7168496,0.79313356,0.7944822,0.7943315,0.73881906,0.7963108,0.79969466,0.7926941,0.7393893,0.7998874,0.8439873,0.7817951
0.01372307,0.029939799,0.017772967,0.02880322,0.012229769,0.03128092,0.01715173,0.03380341,0.010781345,0.047321312,0.014743811,0.03408426,0.010317217,0.04213548,0.015512963,0.03263252,0.00933398,0.04049486,0.01457264,0.031477366,0.0103626,0.032023277,0.014138075,0.031977687,0.018976325,0.028128553,0.020874698,0.026811382
0.04542837,0.036534064,0.040997293,0.047885057,0.04428847,0.03529753,0.041117575,0.049423404,0.044156745,0.0365023,0.040568076,0.053256746,0.042835556,0.03398436,0.03995456,0.050104037,0.04712738,0.03099435,0.04024197,0.05053151,0.087282285,0.036038224,0.03838471,0.052181836,0.04524014,0.04568468,0.036740955,0.050592765
0.50610316,0.49626273,0.52745146,0.5130823,0.5099768,0.49347818,0.5270752,0.5168467,0.51070803,0.50061005,0.5275617,0.5175525,0.51078093,0.5035309,0.5245772,0.5177626,0.5146598,0.4957919,0.5257966,0.5169192,0.5570139,0.5035393,0.5288678,0.5159069,0.5069419,0.5101769,0.5361276,0.514701
0.42203388,0.5274855,0.4854021,0.56948006,0.41857928,0.50781167,0.48479086,0.5726955,0.42855304,0.51973176,0.48996884,0.57880646,0.42039603,0.52320105,0.48095673,0.5775212,0.425199,0.5055181,0.48310655,0.57705605,0.45311373,0.5120619,0.48488054,0.5740072,0.42231447,0.532327,0.4946022,0.56155556
0.06940523,0.07382205,0.06689136,0.07262237,0.071565636,0.07141925,0.06681664,0.072828256,0.07044173,0.080976315,0.06730662,0.073340856,0.071902364,0.08199761,0.06757195,0.07444813,0.07598485,0.07884798,0.06760161,0.074466914,0.0957615,0.07614017,0.06932402,0.071310066,0.07058925,0.0721788,0.070289925,0.06977434
0.21192591,0.11720772,0.16695316,0.11344461,0.21488546,0.127011,0.16777284,0.11280454,0.20894817,0.11978538,0.16401573,0.11915191,0.21489276,0.11687475,0.17067361,0.11229554,0.2272277,0.12481835,0.17170547,0.11474998,0.26919654,0.15671821,0.1730864,0.11977926,0.21406259,0.121164955,0.16080476,0.11938909
0.18329248,0.12856701,0.16281953,0.1402995,0.18596932,0.13162443,0.16338776,0.13862999,0.18949221,0.13501087,0.16385604,0.14459091,0.18946618,0.13039394,0.16785267,0.13817488,0.19429784,0.13228093,0.16778223,0.14077243,0.20681486,0.14938527,0.17045927,0.14354806,0.18228962,0.12738107,0.15752949,0.1420176
1.1679302,0.98196113,1.0694275,0.9181192,1.185516,1.0067272,1.0697436,0.90833926,1.1912761,1.0428778,1.0632739,0.9283384,1.202652,1.0302167,1.0840925,0.9139948,1.1856128,1.0693556,1.0736736,0.92634714,1.1730974,1.028461,1.0857544,0.9147736,1.1664597,0.95396495,1.0590163,0.93241906
0.15806797,0.21388774,0.16122542,0.18291971,0.15822993,0.18919513,0.1608834,0.18386883,0.16108543,0.20016007,0.16135089,0.16791503,0.16193703,0.21790498,0.15705936,0.18864927,0.15737602,0.22726846,0.15816952,0.17303005,0.16545197,0.16909365,0.15521908,0.17813893,0.16121136,0.21444598,0.16593546,0.17872183
0.37958154,0.33422107,0.36668494,0.3439275,0.3874101,0.3602043,0.37766394,0.3447097,0.38436228,0.366602,0.36775038,0.35373452,0.38520125,0.3614525,0.3639032,0.35210863,0.39323148,0.36639982,0.36443728,0.3740996,0.4115938,0.37885854,0.36661765,0.35445398,0.3743763,0.3427135,0.35546052,0.34770194
0.07734174,0.0640662,0.06803673,0.047606453,0.07650064,0.047838893,0.06847493,0.047571316,0.07621859,0.048140414,0.066158816,0.04701272,0.07649383,0.05824715,0.06953187,0.048449706,0.07810549,0.045598067,0.06793034,0.046990532,0.07948721,0.05181318,0.06958516,0.049243234,0.07791161,0.06386286,0.06581218,0.05017964
0.058488805,0.09339055,0.05515055,0.07773835,0.058612373,0.07986532,0.055735137,0.077179216,0.060810108,0.07926985,0.05510315,0.074246414,0.059647523,0.095212124,0.05507667,0.07856212,0.06054739,0.07251569,0.054754492,0.07491468,0.06191478,0.074372455,0.054779958,0.077531435,0.05783785,0.090569094,0.05274183,0.07266271
0.088869914,0.11438177,0.08889625,0.09067676,0.08959023,0.100099795,0.0900481,0.08992792,0.08904525,0.09503089,0.08945555,0.08851401,0.08953534,0.10765953,0.087454185,0.08809204,0.0894444,0.09207622,0.08797734,0.08646775,0.0920728,0.09008456,0.08780485,0.087999195,0.087345615,0.10799584,0.09014928,0.08730078
1.7886376,1.5957434,1.8278222,1.6007053,1.7910734,1.580146,1.8309231,1.6059148,1.8007431,1.6192883,1.8363823,1.6133255,1.797318,1.578138,1.8280617,1.6024792,1.7979846,1.6474787,1.8309554,1.647244,1.8021464,1.6049454,1.827248,1.608547,1.8020556,1.5753334,1.8558048,1.6192677
0.87914455,0.59083474,0.8596783,0.7084984,0.87352407,0.62407774,0.8704797,0.7069534,0.8981127,0.6368543,0.86241543,0.72404957,0.88194805,0.626079,0.86454356,0.73659515,0.8918711,0.6590191,0.8618976,0.7496925,0.90802056,0.6645225,0.86046576,0.73558295,0.8737298,0.57360333,0.8193743,0.7294315
0.0518469,0.102392145,0.053650618,0.07719091,0.0522851,0.09229181,0.055234607,0.078600205,0.051593583,0.0847474,0.05245723,0.0738591,0.050040387,0.08414825,0.053326707,0.08002193,0.049464345,0.08424969,0.052144166,0.07533205,0.051633444,0.093060225,0.05266969,0.08075223,0.051872615,0.109110475,0.051309388,0.072343215
17.69578,16.531887,17.695477,17.3118,17.67207,16.748466,17.775248,17.302631,17.798542,16.998903,17.72352,17.37988,17.69024,16.875015,17.681835,17.440218,17.733639,16.660328,17.685207,17.523354,17.866825,16.82966,17.67266,17.435581,17.597412,16.403938,17.426455,17.416147
0.31817,0.42976508,0.4062438,0.7079745,0.33902428,0.6265098,0.48917708,0.7161646,0.37977293,0.7631576,0.45810694,0.7611652,0.3354272,0.77768975,0.37433532,0.7671459,0.36678132,0.46493483,0.39228693,0.80339277,0.5072282,0.52720386,0.38512152,0.7503824,0.2627609,0.40411547,0.30569273,0.7144464
19.836317,19.257442,19.830421,19.333529,19.815088,19.27026,19.821117,19.332632,19.802662,19.304728,19.803316,19.350246,19.71069,19.219038,19.808744,19.323467,19.739382,19.265696,19.798927,19.288431,19.6955,19.303307,19.812357,19.310865,19.836401,19.355696,19.84549,19.427423
0.9347449,1.0356294,1.0541457,1.5945901,0.93975985,1.2572958,1.1327443,1.5941709,0.97025853,1.3083221,1.1203347,1.6502119,0.9024208,1.3569312,1.0186878,1.6537888,0.9522495,1.0602149,1.040427,1.7125908,1.0813688,1.1353294,1.01411,1.6438645,0.8237426,1.0178643,0.8661355,1.5936526
1.1005651,1.0483164,1.1811321,1.2981832,1.0609267,1.1026496,1.1904867,1.2972661,1.0861691,1.1053907,1.2001051,1.2717468,1.0495604,1.1300517,1.1730213,1.2873479,1.0947052,1.016954,1.1637908,1.2927314,1.109934,1.0966879,1.1704981,1.2747693,1.1746083,1.057839,1.1920044,1.3156396
1.4958026,1.4244782,1.5530744,1.7470974,1.478605,1.4251953,1.5463598,1.7343096,1.4790765,1.3968711,1.5602324,1.7487524,1.4883081,1.4125406,1.5603671,1.7534598,1.4805104,1.4646599,1.5603915,1.7819927,1.4650942,1.4229884,1.5475954,1.7573853,1.4486344,1.4287846,1.4717467,1.7615986
0.3943301,0.3782934,0.40016234,0.48079234,0.40252936,0.38859913,0.40055767,0.47984684,0.37875804,0.38579732,0.39183244,0.46180856,0.39341077,0.38576934,0.38659182,0.475699,0.37840864,0.36657497,0.38170177,0.4765394,0.37998828,0.37433657,0.38336793,0.45572987,0.4033762,0.37927085,0.4079493,0.48359212
0.3587136,0.36315626,0.3400453,0.26587185,0.3741623,0.37932977,0.35474402,0.26999334,0.4098056,0.44516033,0.3520377,0.2622297,0.42392337,0.42267877,0.33763775,0.26995707,0.393642,0.36568436,0.3433701,0.26160917,0.41741925,0.36707893,0.34771565,0.25762194,0.40040287,0.35578993,0.40605164,0.27502877
0.43939048,0.41070324,0.44106966,0.5974839,0.41921285,0.43031397,0.43457603,0.59182286,0.43196404,0.40102702,0.44554484,0.5747044,0.40468085,0.39204663,0.43804818,0.5880242,0.41964135,0.3940287,0.42810735,0.58243716,0.4212063,0.40574992,0.42697522,0.5587727,0.44912526,0.41734183,0.4229589,0.5997617
0.29422385,0.2103795,0.29542378,0.38668734,0.28229,0.2103526,0.2909327,0.37788108,0.28430235,0.20045844,0.29623815,0.37348643,0.28747222,0.19978108,0.29504296,0.38289055,0.2875136,0.21855982,0.28928888,0.38410214,0.28562102,0.21289246,0.2876754,0.37220946,0.29104546,0.22338654,0.2696088,0.39656946
0.20994972,0.1845805,0.22962554,0.35911682,0.19403644,0.19385935,0.22227773,0.35193142,0.17512204,0.16951638,0.22756425,0.3349721,0.17364071,0.16732267,0.22290227,0.34435728,0.1836555,0.1976075,0.21322672,0.35097346,0.18200678,0.18972583,0.21359995,0.33405676,0.21421194,0.19748323,0.21903385,0.35537168
0.42710105,0.42783225,0.4693826,0.47916028,0.43812656,0.42252734,0.47397134,0.47950804,0.43830892,0.44006792,0.47580183,0.4741193,0.45659703,0.44690388,0.4686863,0.49636206,0.43492302,0.4428163,0.47458622,0.47766358,0.439536,0.4295585,0.47160497,0.47777006,0.42767516,0.43974355,0.5040961,0.48485085
0.12536539,0.10888817,0.09277581,0.16234185,0.12417458,0.101965874,0.087358125,0.15716583,0.13370804,0.08981867,0.08619925,0.16311951,0.1461019,0.106254786,0.10050411,0.17718962,0.13271324,0.10389958,0.10064866,0.16969994,0.11106504,0.100472964,0.10218266,0.16732179,0.12119248,0.11026962,0.089168385,0.163937
0.18120126,0.19774093,0.1690694,0.35593337,0.16711691,0.2095962,0.16356574,0.3513642,0.16362897,0.1788293,0.16923593,0.35384747,0.16339308,0.1778504,0.17387506,0.3929216,0.1698387,0.24820523,0.1713595,0.36640495,0.15999603,0.21379998,0.16799782,0.35310638,0.16946961,0.20500635,0.14256603,0.3599947
3.0199864,2.968793,3.0692077,3.1382766,3.015882,2.985647,3.0698307,3.1409314,3.0186317,2.9742646,3.0779545,3.0916603,2.990525,2.873647,3.0502648,3.1848922,2.9902928,3.1172593,3.0533707,3.1182306,3.0228713,3.0112112,3.0352633,3.1188023,3.0631824,3.0019963,3.1111665,3.14859
0.162495,0.2203567,0.14823057,0.337338,0.15140213,0.24604723,0.14682919,0.3481261,0.14494175,0.22603884,0.14323612,0.35004422,0.15064074,0.22496933,0.5081617,0.35305598,0.14788638,0.23140557,0.1451462,0.35956612,0.14643498,0.2426329,0.142984,0.37489808,0.15905932,0.22250673,0.13150324,0.33581463
0.5611989,0.6421368,0.49246487,0.88148683,0.49959335,0.6301994,0.49073374,0.9097606,0.4942196,0.5948768,0.46270218,0.90570354,0.5332779,0.6427325,0.8666811,0.9264526,0.50522745,0.7891035,0.48168856,0.965132,0.5300425,0.57610226,0.45866185,1.0144109,0.55890584,0.6669686,0.3961806,0.9304784
0.09804759,0.08106876,0.109991305,0.0446548,0.13782611,0.122079775,0.11098478,0.046919174,0.13438703,0.10678817,0.1330806,0.052378338,0.10398946,0.077626936,0.08685048,0.049617946,0.12343151,0.028093606,0.11196349,0.036956295,0.092284895,0.1560145,0.13275482,0.034297474,0.09003116,0.072991855,0.1647227,0.029997561
0.35604355,0.40018368,0.35028696,0.42693487,0.3945795,0.48064956,0.35193405,0.43073612,0.3887739,0.4374074,0.35474613,0.43952188,0.34712017,0.40045178,0.3615021,0.42346075,0.37112007,0.30761594,0.34625453,0.40411946,0.34404933,0.4993873,0.3695214,0.40594798,0.3282242,0.3989611,0.33182612,0.39611626
1.1201783,1.0914896,1.3373457,1.0515838,1.1548235,1.0947498,1.3335379,1.0116446,1.1548935,1.0811291,1.3733728,1.0027364,1.0979165,1.0851448,1.1908766,0.9968354,1.1345773,0.95401293,1.3376299,0.95340973,1.1268934,1.1922116,1.3923004,0.93706185,1.144256,1.0491168,1.5261391,0.9781873
10.273601,10.263515,10.960145,10.636918,10.448495,10.285354,10.920164,10.601818,10.49175,10.322908,10.995826,10.552227,10.417215,10.376729,12.275148,10.701914,10.445643,10.44859,10.9672365,10.63368,10.436891,10.333553,10.915368,10.60875,10.260402,10.169705,11.237789,10.590281
0.22567423,0.16838863,0.09267751,0.05303117,0.14997205,0.114848986,0.097114496,0.052192412,0.13482903,0.09445073,0.101647876,0.059777703,0.16114692,0.11580788,1.2890245,0.044916976,0.15011485,0.11230327,0.09574373,0.053379003,0.15285067,0.14977907,0.11658972,0.05716376,0.26314533,0.18908706,0.115413815,0.04966974
0.2616561,0.33837417,0.3162846,0.5554932,0.2870215,0.40342698,0.3061839,0.5731704,0.29179394,0.39364046,0.30325896,0.5583594,0.30252185,0.38061488,1.5055388,0.62529635,0.2977894,0.4040402,0.31717968,0.61457944,0.29330117,0.36415693,0.28346607,0.6148767,0.24093118,0.33898145,0.27086952,0.5577056
16.10032,15.098245,16.379372,14.787142,16.105675,14.933551,16.36909,14.736512,16.129498,14.91029,16.533205,14.692755,16.025343,15.011123,15.654034,14.655446,16.06266,14.949513,16.399044,14.576568,16.066446,15.075473,16.456873,14.607911,16.222948,15.117825,16.89111,14.7674265
1.2823453,1.2827047,1.5416884,1.6423329,1.2923814,1.2298001,1.5110605,1.6383355,1.2363975,1.2279884,1.5561723,1.6229025,1.2704307,1.2505372,3.5674732,1.6942688,1.2657458,1.314319,1.529787,1.6762592,1.2604412,1.2435622,1.5086514,1.6967157,1.2379968,1.2456878,1.5646207,1.6072848
1.6215252,1.5279299,1.6255404,1.4785793,1.6058694,1.5065907,1.6214284,1.462776,1.6106131,1.4954064,1.6292369,1.466753,1.6143813,1.4956977,2.559536,1.4584051,1.6167783,1.5143642,1.6172696,1.4556587,1.6196421,1.5055004,1.6184531,1.4589819,1.654321,1.5348377,1.6738911,1.4567353
0.20255972,0.22003628,0.09720398,0.081815936,0.19630937,0.23273301,0.10220815,0.085722886,0.19223855,0.22100012,0.090340815,0.08488056,0.19546723,0.21207076,0.5627558,0.08255311,0.19680865,0.21050958,0.096637696,0.08500314,0.2005332,0.23409472,0.09881271,0.087859735,0.22875753,0.24249832,0.1024551,0.08630154
0.4326259,0.42473316,0.38206205,0.33946434,0.4545132,0.48090363,0.3843001,0.34246397,0.46692795,0.43994123,0.3816473,0.33992,0.4368451,0.43641192,0.54234505,0.3376341,0.43921655,0.44987887,0.38211092,0.347465,0.4418482,0.47172487,0.37532347,0.327933,0.44534537,0.43868023,0.38020554,0.34103802
0.1850535,0.24233131,0.17175713,0.20429036,0.21739629,0.3083867,0.1727078,0.2047455,0.22463544,0.28848448,0.1656339,0.19703917,0.21542194,0.27228945,0.3924476,0.2083982,0.223823,0.2649747,0.16944437,0.20398992,0.22900952,0.27218416,0.1669317,0.20912324,0.19633847,0.2338114,0.18902582,0.19166034
0.64045924,0.6616321,0.6046112,0.5668802,0.69548666,0.7805951,0.60540044,0.5790437,0.7102953,0.74185216,0.59445953,0.5673832,0.6592153,0.7050192,0.79176104,0.5689679,0.6663315,0.7311688,0.5953345,0.58456,0.66376036,0.7165752,0.57953656,0.55223775,0.6424761,0.6785877,0.5949824,0.57011724
0.59596086,0.76837546,0.64220715,0.75134295,0.6437577,0.90183353,0.6385149,0.76108086,0.6678798,0.8433598,0.6319211,0.73299867,0.59738535,0.7881165,0.90320873,0.7642029,0.597275,0.8443274,0.63045514,0.7378799,0.60498804,0.8078089,0.6053261,0.7224711,0.5910059,0.7446324,0.6243852,0.72148556
0.04320198,0.06994272,0.040045638,0.056948,0.0731488,0.13484274,0.039776545,0.054719154,0.07019607,0.09987703,0.03307048,0.04390899,0.058782186,0.08835638,0.26452214,0.05217405,0.062135834,0.09398679,0.035084724,0.050377738,0.06207667,0.092585124,0.029474368,0.042687334,0.046835247,0.067057654,0.044918958,0.04284914
0.088574216,0.094522074,0.062208407,0.09084454,0.124213144,0.15185247,0.0625426,0.093605414,0.110653356,0.12298053,0.052713998,0.08415596,0.11454386,0.11893638,0.24902375,0.092308156,0.11600303,0.10626804,0.058161456,0.09446723,0.11239562,0.113411464,0.05251014,0.08711993,0.08742172,0.09198684,0.052219436,0.08331819
0.3918954,0.31764564,0.31372923,0.28954628,0.40426105,0.31090784,0.31733906,0.2947539,0.3776216,0.32538614,0.3115083,0.3066909,0.42151412,0.33180994,0.3920377,0.30205098,0.42771438,0.2960147,0.31760344,0.29924208,0.41961518,0.30864903,0.3320617,0.31475866,0.3906331,0.3171634,0.3084981,0.30852556
0.1527314,0.19190206,0.1704327,0.18709342,0.17924762,0.24722032,0.16818887,0.18684037,0.17897715,0.21684739,0.1672634,0.17379862,0.16521767,0.19571792,0.2880535,0.18853065,0.16443515,0.20658025,0.16434288,0.18734576,0.16804019,0.20735207,0.15363546,0.16943926,0.1522589,0.17290178,0.17645775,0.16347553
2.5362442,2.4120243,2.6344345,2.3914237,2.5399299,2.4592218,2.627417,2.3847282,2.6081204,2.4459312,2.65812,2.3780818,2.5225916,2.3858106,2.5579555,2.4157171,2.5342114,2.4690766,2.6333241,2.4072287,2.5021908,2.470551,2.5911193,2.3581784,2.5442145,2.4230306,2.6664276,2.387234
0.02847468,0.052960254,0.020821165,0.05021566,0.035791207,0.07535799,0.020038271,0.045418374,0.033033594,0.05289932,0.016723515,0.032239094,0.030391388,0.0485447,0.33244583,0.0451185,0.029707495,0.047052182,0.017895851,0.044933055,0.03135238,0.07297584,0.012523625,0.03478257,0.03047454,0.05149653,0.019139381,0.033531673
0.038544375,0.07123936,0.029751908,0.047677677,0.052438993,0.082422055,0.029003892,0.047760583,0.045138847,0.07672058,0.030383216,0.04467265,0.04926941,0.07782581,0.02965947,0.046243418,0.04049895,0.06964012,0.030158427,0.044383243,0.044220295,0.06707226,0.02936995,0.04641876,0.038678683,0.067641936,0.03620617,0.03991775
0.07128428,0.11673512,0.059421167,0.097110905,0.07590894,0.12162692,0.06010398,0.0929687,0.07362717,0.10598077,0.056769587,0.08549156,0.07517583,0.11033462,0.057200097,0.093375675,0.07277959,0.118282385,0.05551425,0.09282921,0.070749,0.11978195,0.05742569,0.096513875,0.07200397,0.118642606,0.061890602,0.09194066
0.14423253,0.1117527,0.100869425,0.10329718,0.17362933,0.13057327,0.10538372,0.102445655,0.16853131,0.13068166,0.10039602,0.114022985,0.1663323,0.13510366,0.10485336,0.10309719,0.14404668,0.12386706,0.10446234,0.10863125,0.15088134,0.12745333,0.10713227,0.10267062,0.13792638,0.11222327,0.08350325,0.10294718
0.2078082,0.15924124,0.16269113,0.17021672,0.25503483,0.20087698,0.16974375,0.16490118,0.2601961,0.17197357,0.16138148,0.17288388,0.23678847,0.19564892,0.17544912,0.17006285,0.21062307,0.16476703,0.16910858,0.1725645,0.20852874,0.19313022,0.18101595,0.15770549,0.20677987,0.15455504,0.14272495,0.14939229
0.17705064,0.18900283,0.15699646,0.15755153,0.19181968,0.1908012,0.15806273,0.15721324,0.19992986,0.18967144,0.15642647,0.15749675,0.19255355,0.19332482,0.1618872,0.15767105,0.18640634,0.19290501,0.15901153,0.15656613,0.18629803,0.19697163,0.16557907,0.15803489,0.18271475,0.20109335,0.15598594,0.15988867
3.1727743,3.1134846,3.2793307,3.0702949,3.1108818,3.0033977,3.2516642,3.0918224,3.0757735,2.9800792,3.2899587,3.0122092,3.0808187,2.975348,3.2440622,3.0675557,3.119934,2.9958832,3.2708123,3.0222697,3.1039352,2.970565,3.219665,3.0923407,3.1717365,3.1244872,3.3515222,3.1107535
0.074437186,0.07387127,0.066005774,0.07248284,0.08524985,0.068033256,0.07035195,0.07015337,0.079553254,0.06286904,0.06449845,0.073563494,0.08741074,0.0664084,0.0664891,0.06825027,0.08666148,0.07579699,0.065193035,0.07054892,0.08671277,0.067269884,0.06778379,0.07344863,0.06792319,0.07557485,0.05526065,0.07290959
0.05073634,0.1215468,0.048583668,0.07913878,0.059291977,0.10997457,0.05078447,0.079046875,0.05665529,0.10000248,0.049509265,0.07477294,0.06656697,0.10200642,0.050203748,0.07308983,0.0706737,0.11779185,0.04844304,0.073810704,0.06974696,0.105833836,0.051459484,0.07815578,0.05009319,0.1215888,0.05022941,0.07323646
0.6365471,0.76945704,0.64784414,0.67966115,0.6320519,0.6850632,0.65310067,0.6797415,0.6458397,0.7044343,0.6511275,0.68355614,0.6422532,0.6442007,0.6476627,0.66121423,0.637971,0.72658885,0.64540744,0.6645442,0.6338309,0.68038994,0.64747906,0.67424655,0.6367644,0.7455231,0.64386946,0.70422184
0.4156529,0.16193652,0.391605,0.2386494,0.46053106,0.18746208,0.39858574,0.2333311,0.4529923,0.1659357,0.40099022,0.2458818,0.48708636,0.2520997,0.40883237,0.24454804,0.4970719,0.18599547,0.40944654,0.26185206,0.49753278,0.20314713,0.41597673,0.24790844,0.40331155,0.15872619,0.36276245,0.23481397
5.215391,4.4734597,5.219503,4.6780276,5.2881246,4.5443826,5.2430377,4.693803,5.349977,4.742386,5.2204156,4.7856307,5.344449,4.6286483,5.2632985,4.773577,5.3059764,4.5547605,5.2362814,4.7683005,5.3411527,4.669047,5.292337,4.708814,5.2347884,4.5038548,5.183947,4.752704
0.039968953,0.116319686,0.02572411,0.060701657,0.039408036,0.1174905,0.025535487,0.057096515,0.025898136,0.08876398,0.027099753,0.050901517,0.032230582,0.1271935,0.022064496,0.052893005,0.03390869,0.08898009,0.024683606,0.052636016,0.03283165,0.099905886,0.02080446,0.055928897,0.035497066,0.12785876,0.03136624,0.047753576
0.2049234,0.33440205,0.22209112,0.3116791,0.21449254,0.35999426,0.23450592,0.30299076,0.20685421,0.30757174,0.2226019,0.29949847,0.2247467,0.37414208,0.2230892,0.28867435,0.21851206,0.3351257,0.21508008,0.30007076,0.20628157,0.3494456,0.22235265,0.30090338,0.18413745,0.3582683,0.2142063,0.2869807
0.50551486,0.48578683,0.49857786,0.44075158,0.49731904,0.47483686,0.49883667,0.43823144,0.4936818,0.4447015,0.4921164,0.42675716,0.49385777,0.46533355,0.4946142,0.42465168,0.49020797,0.46629682,0.49307638,0.42555156,0.4903476,0.45859483,0.49322304,0.43023652,0.49620906,0.49005565,0.49695686,0.44279823
1.0935421,0.6099495,1.0638613,0.8415592,1.1324894,0.68727267,1.061588,0.843543,1.1196483,0.7565409,1.0673544,0.9151586,1.1634276,0.7348282,1.0549629,0.94910866,1.1257539,0.63451266,1.0921154,0.89930576,1.1499158,0.7082077,1.0541717,0.8701368,1.092985,0.5898728,1.0070727,0.8438858
0.12759872,0.07391455,0.13040477,0.112750694,0.13358572,0.0754445,0.1335842,0.112945065,0.14626469,0.09937334,0.12833044,0.12506245,0.14575483,0.07328485,0.12984762,0.12699705,0.13197932,0.08841649,0.13422975,0.1291742,0.13585846,0.08979393,0.1318015,0.11786194,0.13022389,0.07680203,0.113737874,0.11767267
0.037988465,0.03462759,0.03191854,0.024216603,0.042339075,0.028778557,0.034219548,0.023769813,0.0470482,0.037707917,0.030352145,0.028842974,0.047889356,0.029332379,0.031867743,0.030863909,0.04107149,0.031152522,0.03291737,0.03154419,0.041387547,0.03277248,0.03281071,0.026670089,0.037454464,0.04575738,0.023801545,0.028877478
0.53572834,0.6751426,0.5418212,0.57832617,0.52675325,0.63287246,0.53495604,0.5764971,0.5151562,0.5961965,0.5454119,0.55622214,0.511329,0.63920707,0.54208124,0.5669119,0.5262403,0.6087179,0.54060286,0.5544141,0.524403,0.6111573,0.5394781,0.575759,0.5330706,0.70052266,0.5629729,0.57525694
0.027348407,0.08101405,0.0226044,0.047864232,0.025253437,0.058596857,0.021715907,0.04488218,0.021692498,0.042272985,0.021445861,0.038975842,0.019819893,0.06613464,0.02466255,0.037695087,0.023589738,0.06011377,0.021445442,0.039165556,0.022847006,0.055707317,0.024922201,0.047621492,0.022534192,0.10026696,0.021896614,0.049064245
0.07354818,0.06374291,0.07367409,0.08098222,0.08204138,0.076811984,0.07431344,0.08260711,0.07705758,0.087074466,0.0770396,0.09343563,0.100451596,0.079828516,0.06953869,0.10040123,0.07800082,0.07700131,0.080421224,0.09909492,0.08406732,0.0792421,0.06753442,0.08722903,0.07291259,0.072721414,0.0646171,0.07916834
0.047093738,0.10941241,0.05220442,0.07193311,0.04888177,0.10461162,0.05299252,0.071847156,0.049577337,0.096813634,0.053615723,0.07095056,0.05662965,0.10543348,0.05254538,0.07605345,0.049102627,0.102127716,0.05325069,0.07328437,0.04935541,0.104501635,0.052514847,0.07325223,0.048153963,0.12578431,0.05641812,0.07105592
1.5397656,1.3579686,1.4786743,1.3837819,1.5562721,1.3874335,1.4791372,1.3874599,1.5475342,1.4168555,1.475736,1.4089909,1.5769064,1.368522,1.4701189,1.4118345,1.5414139,1.3769703,1.4875338,1.4063224,1.5562109,1.384039,1.4687184,1.383588,1.5458782,1.3629544,1.4531015,1.3942485
0.19499014,0.15608877,0.16869192,0.22450641,0.20485066,0.16791196,0.16933663,0.22137418,0.18926911,0.18487506,0.16982906,0.23581399,0.2111027,0.18488213,0.17392217,0.21906172,0.20769587,0.17122373,0.17953493,0.23425369,0.19535442,0.16631207,0.16699024,0.22953396,0.18601853,0.15191033,0.14961845,0.21354595
0.12471922,0.16729383,0.13910517,0.121614486,0.13658537,0.15122345,0.1386573,0.124369234,0.12872407,0.14532433,0.13846679,0.12328529,0.13364863,0.1721724,0.13815634,0.1269488,0.13358364,0.15418823,0.13613568,0.12461815,0.13270305,0.1482596,0.13962673,0.12151455,0.12678288,0.18146847,0.15089636,0.1265503
0.114598766,0.11617303,0.089675404,0.10063095,0.11462011,0.10338792,0.0904078,0.09793246,0.11113985,0.10533633,0.09090319,0.1022286,0.11230428,0.10645487,0.09206787,0.101547986,0.1156557,0.10411838,0.09269238,0.10230313,0.112589784,0.10316634,0.09142106,0.10070176,0.11287336,0.12968113,0.08201023,0.10548153
0.62189573,0.51584244,0.60356534,0.48788974,0.59622014,0.5028544,0.6027403,0.50134987,0.6124367,0.48944342,0.60361785,0.50688493,0.60690755,0.4793646,0.59920865,0.48951808,0.6026981,0.50704426,0.6020537,0.5073189,0.6050486,0.5056085,0.5997592,0.49631214,0.637955,0.50290376,0.62244767,0.48862076
10.083225,8.872379,9.692322,9.284341,9.996807,8.953145,9.700518,9.274203,10.019268,9.006939,9.70869,9.356369,10.047806,8.812103,9.717706,9.222112,10.053805,8.949708,9.762664,9.322207,10.001464,8.975017,9.684201,9.28148,10.075082,8.825611,9.551651,9.332404
0.83397186,0.9751679,0.85948336,0.7007135,0.7532691,0.8913737,0.8595205,0.73081535,0.7698056,0.79986125,0.8447769,0.7194404,0.68111527,0.7551628,0.84205633,0.7460937,0.7078683,0.9651143,0.8068978,0.7236094,0.7713225,0.8446247,0.8664743,0.7354744,0.8336189,1.0212153,0.89306444,0.7332366
0.049994174,0.10624965,0.071134806,0.046165988,0.07510946,0.08941176,0.07124602,0.043923415,0.054963164,0.07112156,0.067744635,0.041839793,0.058511365,0.10516216,0.07033225,0.048284627,0.064916104,0.08094858,0.061965704,0.03831069,0.065177165,0.07171319,0.07390701,0.050090466,0.044946127,0.12698203,0.080668464,0.05269117
0.36783707,0.4012459,0.3506486,0.40712515,0.35825846,0.4058022,0.3503718,0.40697366,0.35392222,0.42237103,0.34764752,0.40902552,0.35741952,0.40214264,0.34609556,0.4014537,0.3536729,0.40309268,0.34877333,0.4097781,0.3523576,0.408906,0.34483472,0.3994523,0.36862615,0.3998893,0.35555467,0.38925526
0.34732488,0.2581618,0.31718457,0.28972596,0.32855886,0.26124972,0.31794602,0.2874279,0.3336364,0.26198027,0.32021224,0.28935155,0.3282488,0.25960967,0.3208122,0.27861926,0.33072713,0.2551121,0.32371238,0.29006168,0.328073,0.2623595,0.31867993,0.28465578,0.34186417,0.262013,0.3044388,0.28659806
5.768067,5.454589,6.010871,5.3396935,5.846361,5.3977094,6.005755,5.3524747,5.846422,5.2851086,6.0298715,5.3227115,5.8289623,5.4104013,6.0181656,5.385932,5.8290677,5.39511,5.990717,5.3118887,5.8481736,5.3401127,6.043451,5.3587017,5.7813406,5.514513,6.1101527,5.419421
0.4210909,0.2350119,0.3144059,0.29931363,0.35264307,0.21790248,0.31681564,0.30386165,0.37911633,0.2444547,0.3206362,0.33356565,0.3748774,0.19342194,0.32828215,0.2845728,0.38670495,0.22159274,0.3351805,0.3218199,0.37824908,0.231518,0.31753263,0.30649692,0.41436866,0.21384665,0.271009,0.31201285
0.31874794,0.22437446,0.26047692,0.32959664,0.3058495,0.2387391,0.26306632,0.3135437,0.31294966,0.23828837,0.26801082,0.33012143,0.32135442,0.23079433,0.27288347,0.31186768,0.32907024,0.22890973,0.28029716,0.3209105,0.3149055,0.2298935,0.26508194,0.32543853,0.30680057,0.23061138,0.21647936,0.32649243
0.33199495,0.27430454,0.27728918,0.283758,0.31352964,0.2806192,0.27649355,0.2884542,0.31007197,0.30848974,0.27766892,0.2972393,0.32306495,0.2807354,0.2856285,0.26241276,0.32890585,0.2746627,0.28516808,0.28712222,0.32265848,0.2997565,0.27877232,0.29271787,0.33929184,0.26398602,0.2872743,0.25820234
0.6323423,0.43568137,0.5773708,0.5571807,0.61851513,0.4355911,0.57928556,0.54780346,0.6274206,0.43966463,0.5867703,0.5598355,0.6372931,0.41146842,0.5935923,0.52359045,0.64468175,0.42825043,0.5996057,0.55999124,0.6324295,0.43174133,0.58577114,0.5516667,0.6261484,0.40707076,0.5404108,0.55410004
0.55779785,0.40183777,0.5110089,0.49707028,0.59465426,0.43137988,0.51401603,0.48165676,0.55247605,0.38109982,0.5132868,0.49178943,0.58490664,0.4222463,0.52082473,0.4971368,0.5841437,0.43577108,0.53031224,0.49350813,0.56663626,0.3919422,0.5097976,0.4914781,0.51726204,0.412066,0.45277017,0.50895685
0.37232655,0.19704641,0.27718788,0.29724878,0.3700613,0.21148054,0.27889776,0.2922011,0.3551332,0.22028725,0.2856336,0.31267732,0.3875354,0.22365014,0.29968488,0.26088628,0.40000182,0.20561396,0.3058091,0.30670696,0.3755542,0.21505915,0.2847546,0.30180183,0.35529605,0.17758635,0.2363599,0.28366402
0.5750853,0.26629734,0.4762126,0.49303567,0.5832318,0.28486094,0.47977486,0.4728317,0.56252545,0.2563435,0.48973072,0.49786603,0.5965021,0.26765636,0.50316024,0.43855152,0.60714424,0.2751465,0.5158221,0.5007001,0.576112,0.2683965,0.48497507,0.4867959,0.5376052,0.21460971,0.39692417,0.48156682
0.10132646,0.07476972,0.076827206,0.1453803,0.1220784,0.08327692,0.078014985,0.12846093,0.0994026,0.07594878,0.078477696,0.13670515,0.1214684,0.09354348,0.08319161,0.120790884,0.12335895,0.07467858,0.087615706,0.13314037,0.10870991,0.07067338,0.07754252,0.13966364,0.08486163,0.06998646,0.055050716,0.12618595
1.4003717,1.1416628,1.3465626,1.3600948,1.3818033,1.1586363,1.3466245,1.3444539,1.3856126,1.1652265,1.3540661,1.3541309,1.4062684,1.1523958,1.3664616,1.2966143,1.4160366,1.1621319,1.3690107,1.3609406,1.4015063,1.1917142,1.3569064,1.3546225,1.400123,1.0827469,1.3355672,1.3188081
0.82668346,0.6287685,0.6936715,1.0732942,0.80187374,0.69747084,0.69843155,1.0099131,0.80201757,0.7254613,0.7128839,1.0320407,0.81722105,0.70594466,0.7268379,0.96731204,0.8353655,0.62281346,0.74217886,1.0154315,0.80275667,0.7132459,0.7070009,1.0405465,0.7884551,0.5756089,0.59047085,0.9888226
1.7234876,1.6904541,1.7191132,2.0244064,1.7579688,1.7558912,1.7212605,1.9714682,1.7250754,1.7607677,1.7239677,1.9902736,1.7611415,1.7980825,1.7315369,1.9592963,1.7633367,1.7550738,1.740918,1.9692277,1.7390959,1.7414292,1.7176287,2.0144525,1.6821066,1.658097,1.6629484,1.9428179
0.079421975,0.14933757,0.1300156,0.05780159,0.08749175,0.12753083,0.12851945,0.060104977,0.08648811,0.118359365,0.122862734,0.055486105,0.077891506,0.1291588,0.1160187,0.06907059,0.07335608,0.17753072,0.10985164,0.06094878,0.08304186,0.12159289,0.12620394,0.061660912,0.09522905,0.164146,0.17851208,0.057642445
0.14481467,0.16445705,0.11758704,0.15250818,0.14312989,0.19003828,0.11841364,0.14550464,0.13725473,0.19545892,1.0787394,0.1368375,0.15578209,0.2178155,0.11886417,0.14597797,0.14778386,0.23666114,0.11929788,0.16456869,0.16182195,0.20504197,0.118701406,0.14233232,0.15353642,0.15751693,0.13924177,0.14536834
1.9847082,1.8969404,1.942812,2.0171382,1.9712456,1.8916245,1.9396405,1.9970262,1.9703406,1.9070948,3.1014884,2.0008006,1.977483,1.9133663,1.9549062,2.012654,1.984595,1.9440477,1.9575008,2.03299,1.975893,1.9082687,1.9533912,2.0068674,1.9904313,1.8974503,1.9237754,2.0228422
0.14712876,0.1197883,0.14146546,0.15989836,0.15208855,0.1519688,0.1435133,0.1482217,0.14353146,0.16532473,1.2068325,0.15436165,0.14978518,0.18245324,0.1384271,0.1471849,0.14141299,0.17464921,0.14004329,0.16374291,0.15949477,0.18196797,0.13760576,0.15664893,0.13874348,0.12779686,0.13552938,0.158766
7.540037,8.20554,7.934248,7.130011,7.615552,8.399997,7.9438705,7.2151732,7.6367965,8.538786,4.421619,7.225327,7.6630607,8.512417,7.8727202,7.184976,7.5956016,8.317811,7.8668323,7.1979327,7.709192,8.611083,7.9000883,7.1088014,7.613142,8.148761,8.421129,7.0793033
0.16544355,0.05213315,0.045536123,0.050327577,0.11027881,0.096540816,0.041274555,0.048280146,0.09235016,0.1303747,0.28256977,0.050859686,0.062270563,0.22247614,0.04449762,0.050634146,0.10641611,0.18076582,0.04366261,0.050379165,0.065352105,0.19253807,0.041126795,0.04836076,0.16617456,0.050681487,0.034512345,0.048405882
0.12752633,0.057127316,0.048699114,0.07391282,0.10752276,0.091390796,0.046136893,0.073295675,0.08552944,0.10424618,0.21503185,0.0728486,0.07559747,0.14536664,0.048508126,0.072119996,0.098951586,0.13641962,0.049314026,0.07061176,0.07734864,0.13141747,0.04644997,0.07040521,0.12484812,0.055019878,0.04298252,0.06733271
1.9317918,1.9764168,1.9584901,2.028973,1.9169762,1.9747056,1.9504882,2.0410476,1.8997099,1.9706066,1.909257,2.0228062,1.8799338,1.986133,1.9575503,2.0398235,1.9089516,2.007805,1.9598763,2.023726,1.876357,1.9795595,1.958924,2.0247765,1.9299442,1.9395449,1.9945705,1.999192
1.6232249,1.3014342,1.5116069,1.417589,1.6469334,1.3314209,1.5236372,1.3901216,1.6500087,1.3561753,2.9123056,1.4016173,1.7237165,1.369321,1.5425941,1.3891852,1.6681911,1.4599808,1.5474849,1.4044724,1.7636547,1.3683308,1.5403479,1.4067016,1.6252265,1.3376648,1.4673686,1.4492085
0.15345675,0.20491461,0.1503366,0.16278417,0.14311323,0.15687576,0.14869043,0.16426954,0.15361747,0.15102778,1.3867466,0.1602392,0.17713128,0.15968792,0.15570548,0.16814427,0.15914147,0.14762466,0.15559241,0.15581754,0.19948222,0.15335633,0.1572091,0.15869896,0.16592683,0.19782425,0.17239052,0.1478637
0.7474096,0.6374195,0.76912034,0.911081,0.7881343,0.69553715,0.7805025,0.8486102,0.8037345,0.73838776,2.7851913,0.8485997,0.90795594,0.73735327,0.8099176,0.815705,0.818955,0.844654,0.81726146,0.87719285,0.9669517,0.7749017,0.81403065,0.8736617,0.74820095,0.60340196,0.76124203,0.85508627
1.175685,1.6253914,1.4078358,1.7117354,1.1354294,1.5930481,1.3861337,1.7183894,1.1295589,1.5620204,1.5261749,1.6908547,1.0597427,1.5710381,1.3698415,1.7196172,1.1242536,1.5263779,1.37441,1.7034253,1.0408729,1.5506241,1.3754325,1.691258,1.1697409,1.5266722,1.4960545,1.5750885
2.4996483,2.114409,2.1399102,2.1449003,2.4446607,2.0210297,2.142042,2.1639376,2.4641385,2.0128264,3.3579724,2.14779,2.4581702,1.9983493,2.1846945,2.1602156,2.4792695,2.1219263,2.1722467,2.1661007,2.4413736,2.0180693,2.1730542,2.1731782,2.5263803,2.221906,2.0287201,2.2494516
0.13685241,0.30137503,0.19640866,0.5230538,0.13057612,0.32314843,0.1912531,0.5076351,0.13550991,0.30052197,1.3561972,0.47381687,0.13881072,0.323156,0.19641024,0.48803034,0.13599896,0.3205481,0.19988276,0.51821905,0.14583033,0.31932068,0.19776729,0.50207937,0.13252832,0.256848,0.19582248,0.43565696
0.058584582,0.10983738,0.06429744,0.1512365,0.055324778,0.1060349,0.061693046,0.1477452,0.05810339,0.09630644,0.72656375,0.13649708,0.062921464,0.10295213,0.060189173,0.14292316,0.05935463,0.09131284,0.06026734,0.14913075,0.06669198,0.096914396,0.060923506,0.14369582,0.06545635,0.097136095,0.080659434,0.1117497
