GHAR_M,GHAR_M_IV,GHAR_Q,GHAR_Q_IV,GNNHAR1L_M,GNNHAR1L_M_IV,GNNHAR1L_Q,GNNHAR1L_Q_IV,GNNHAR2L_M,GNNHAR2L_M_IV,GNNHAR2L_Q,GNNHAR2L_Q_IV,GNNHAR3L_M,GNNHAR3L_M_IV,GNNHAR3L_Q,GNNHAR3L_Q_IV,HAR_M,HAR_M_IV,HAR_Q,HAR_Q_IV
0.04006587,0.03705005,0.03660787,0.035228916,0.03747016,0.032771073,0.036279693,0.035063434,0.036105756,0.03167745,0.03473256,0.03516231,0.03759462,0.03143851,0.035140622,0.036412556,0.03899013,0.03760759,0.03610576,0.035396416
0.032187715,0.025076108,0.0298053,0.028150849,0.028650982,0.019731546,0.029497523,0.027860831,0.028013527,0.017820824,0.027646722,0.028143253,0.029855533,0.018889816,0.02800954,0.029636713,0.03153857,0.026517652,0.029293913,0.029320488
0.009387609,0.009720744,0.009106359,0.009615685,0.010309753,0.010697617,0.00916523,0.009723777,0.009973637,0.011088546,0.009076095,0.009435496,0.009285997,0.010028352,0.0093435785,0.009401228,0.008602138,0.009869446,0.008874627,0.009828893
0.035890546,0.04266201,0.035714794,0.03983502,0.040217277,0.048667315,0.03618184,0.04015936,0.040449426,0.052431133,0.037864473,0.04019984,0.03747592,0.049427662,0.03839534,0.039845724,0.033063795,0.040966492,0.03377223,0.037848767
0.04600764,0.040105782,0.04799738,0.046280578,0.04644801,0.042026892,0.04822391,0.04653811,0.047129177,0.0419505,0.04858246,0.046345938,0.04617629,0.043336045,0.048514716,0.046604503,0.04567404,0.040597167,0.047487948,0.04646661
0.059803322,0.053871147,0.05691613,0.05900894,0.05820505,0.051242422,0.05689473,0.058728386,0.056107607,0.049571086,0.05510895,0.058826275,0.056700803,0.050340705,0.05618236,0.059114456,0.054575197,0.05366759,0.052896287,0.05807661
0.22392921,0.21312878,0.21141906,0.21843211,0.21605034,0.19633965,0.21055384,0.21681707,0.20844859,0.19135307,0.20488232,0.21727136,0.21311201,0.18560869,0.20653792,0.21470939,0.21325919,0.21020143,0.2023436,0.21285322
0.044025663,0.047022495,0.040261623,0.04557337,0.040538654,0.041533194,0.03987961,0.04500599,0.037622653,0.04065246,0.03633791,0.043607567,0.038698982,0.051738974,0.037025247,0.04481535,0.047389552,0.051658094,0.043031115,0.04798208
0.014771082,0.01529036,0.012446012,0.015349639,0.02025099,0.018525852,0.01288503,0.015340554,0.018657202,0.020214727,0.014298442,0.016086517,0.017832963,0.01172479,0.01503194,0.016056621,0.008030366,0.010577477,0.008042913,0.010766967
0.019759735,0.018540597,0.01656158,0.019583385,0.019568015,0.017325947,0.016609117,0.019398455,0.017792908,0.016837113,0.01515247,0.018694209,0.01764654,0.018051783,0.015951946,0.019479739,0.017930457,0.018804856,0.015408745,0.018722232
0.07432456,0.069989316,0.07197397,0.07002787,0.07198134,0.06664162,0.07163385,0.06961761,0.07008999,0.066410445,0.069519326,0.06910198,0.07167215,0.06864841,0.069541894,0.070276625,0.07570738,0.0732638,0.07344175,0.07212089
0.08840619,0.089612916,0.07944991,0.08880428,0.08060394,0.07826708,0.078916065,0.088108204,0.077513285,0.07897346,0.07404312,0.08676996,0.08034264,0.07929529,0.074260786,0.0854959,0.08696122,0.09433858,0.07785741,0.08910717
0.017375492,0.020922776,0.020304637,0.018346777,0.018851368,0.026065433,0.020084757,0.01822445,0.021477163,0.029633872,0.02273109,0.020303782,0.020192921,0.022349026,0.021714155,0.019057559,0.023305366,0.021749895,0.02529401,0.01991894
0.0122755,0.013558111,0.009997127,0.012351872,0.011728483,0.01587204,0.009946265,0.012479867,0.011671747,0.01802923,0.009638773,0.013056731,0.011166499,0.013366225,0.010135272,0.012935841,0.0119343065,0.013597671,0.010217317,0.011969056
0.035968076,0.031774633,0.045036368,0.036215317,0.036956765,0.032286167,0.044445757,0.03549811,0.03694547,0.032776084,0.044514406,0.034615677,0.03802864,0.03554264,0.043358468,0.034768216,0.042529263,0.032945238,0.05103768,0.0386286
0.013626031,0.013671858,0.020737972,0.017539607,0.017809384,0.021307377,0.020842114,0.0175869,0.017939162,0.021034557,0.021916179,0.017424814,0.01699286,0.026471592,0.02248112,0.019018104,0.013756413,0.010681319,0.02218359,0.015866736
0.06933675,0.06417832,0.081308536,0.072695844,0.071343504,0.065610774,0.080708005,0.07193082,0.071268186,0.063759685,0.08002348,0.07042931,0.07256276,0.072356805,0.08032003,0.07223644,0.069616325,0.060372327,0.08400628,0.07090168
0.009519446,0.008355862,0.013661993,0.010675284,0.014677475,0.016285561,0.014472004,0.01141365,0.015249704,0.012518598,0.015416409,0.010019171,0.01358198,0.02212481,0.01713388,0.014943045,0.008472088,0.007810122,0.013827454,0.01078998
0.0068038716,0.009088697,0.007546619,0.008248796,0.007568701,0.011866549,0.007836732,0.008572741,0.008118339,0.01065263,0.007846524,0.007724932,0.0077767414,0.015571771,0.008448895,0.0100993635,0.0074146693,0.009913111,0.008681115,0.008567626
0.11915887,0.11428952,0.14958338,0.14055294,0.1251709,0.12391066,0.14960851,0.14123629,0.12605272,0.118363336,0.14833526,0.13519996,0.12744541,0.12716918,0.14814404,0.14080825,0.12274413,0.10924644,0.15594599,0.13926266
0.044451587,0.045731205,0.03194742,0.034000095,0.040190693,0.03795206,0.031102927,0.034215175,0.037248373,0.038412265,0.031719916,0.037591644,0.03790934,0.034412086,0.031052748,0.032225337,0.04089921,0.045990393,0.02808857,0.031779807
0.03798902,0.037282087,0.046103064,0.042696185,0.041550443,0.040321138,0.046608303,0.04234635,0.042713646,0.037708998,0.046328776,0.039095342,0.040259596,0.03650533,0.046217494,0.03963679,0.03865248,0.037050005,0.04754378,0.043426957
0.014875277,0.012600897,0.018663676,0.016686296,0.017901408,0.013725723,0.022495039,0.016121816,0.016869774,0.0114951795,0.019987904,0.014090286,0.014460984,0.011153373,0.019244242,0.012817775,0.01442787,0.013883373,0.019810198,0.016216882
0.006784922,0.011148075,0.0032423048,0.004307689,0.0057101683,0.010124976,0.003956193,0.0044064005,0.0060368376,0.014663134,0.0035808173,0.004822115,0.00622962,0.011647463,0.003365927,0.0048033237,0.006773023,0.012233834,0.003648012,0.0049213846
0.010535113,0.009140291,0.016736407,0.016591135,0.013565494,0.010781284,0.020188607,0.015987473,0.012918381,0.008435603,0.018068751,0.014563368,0.01110596,0.008627483,0.017749777,0.014011589,0.011308962,0.0090778405,0.0189457,0.015200525
0.02508874,0.031304564,0.016677214,0.018392077,0.02093516,0.028784012,0.014851203,0.018597048,0.02167958,0.03660262,0.016145812,0.019980477,0.023748362,0.031601205,0.016277999,0.019597301,0.023255982,0.033292096,0.015266339,0.02087823
0.031634428,0.03065121,0.037245903,0.036433678,0.03012561,0.030198574,0.036048926,0.036012895,0.030488284,0.032031883,0.036960207,0.03593695,0.03202105,0.031238966,0.037591618,0.036327165,0.03344994,0.031264592,0.038612705,0.036469832
0.011443507,0.011436134,0.011400701,0.014324254,0.012615828,0.013138439,0.013764592,0.014203952,0.012425325,0.011420687,0.012478086,0.0140415905,0.010850117,0.011930322,0.011676628,0.013454737,0.009876753,0.0106530385,0.010513367,0.01131787
0.10077132,0.10218095,0.12851804,0.14189604,0.11205292,0.115071565,0.1369926,0.14064366,0.11058322,0.1037006,0.13211568,0.13989304,0.10542467,0.11000946,0.13116403,0.13694516,0.09921603,0.09777042,0.12935641,0.13211447
0.21125287,0.19369456,0.17451331,0.15029596,0.19716772,0.1773059,0.167372,0.15050608,0.20236441,0.18193573,0.17670707,0.15214905,0.20344092,0.17543618,0.17335036,0.15583403,0.21219985,0.19903797,0.17124183,0.1579311
0.6011925,0.49785465,0.5544754,0.4517952,0.5706004,0.4614317,0.5311419,0.44862726,0.5733423,0.43383306,0.54198825,0.44622877,0.58973026,0.43589637,0.54826677,0.45621362,0.6102107,0.52647054,0.5574731,0.49329072
1.0386702,0.7520291,1.0287303,0.74562895,0.99144846,0.7112445,0.9880886,0.7488937,0.97978073,0.9748766,0.97362036,0.73908406,1.0050242,0.76606685,0.9995436,0.7482658,1.2060981,0.9264758,1.1604513,0.95091003
0.75522846,0.5936357,0.77359635,0.59270155,0.7183031,0.58411664,0.74000853,0.6082022,0.8067716,0.71346456,0.6901617,0.5970619,0.79990685,0.58572096,0.8204071,0.5421115,1.007536,0.7795967,0.9936193,0.8127843
4.4817033,3.9944139,4.643599,4.05741,4.361816,4.0273924,4.5290613,4.1529527,4.695167,4.398978,4.318879,4.1112566,4.8312507,3.8184075,4.904213,3.8415492,5.4053335,4.7396207,5.434779,4.9024644
0.12898162,0.0865361,0.090497844,0.08548328,0.14868127,0.09513116,0.09916862,0.1032859,0.08881485,0.12146929,0.1329317,0.08804537,0.09148196,0.10666656,0.09018971,0.2348663,0.12220542,0.17161122,0.14678329,0.1768239
0.11909186,0.08139624,0.07477884,0.07121073,0.14422695,0.083826475,0.091005675,0.057878718,0.12358239,0.16935678,0.12489716,0.07350959,0.06357999,0.10822787,0.05327597,0.06801868,0.044114333,0.04585184,0.05114485,0.05230433
0.052578133,0.05921627,0.053113855,0.06393444,0.05413652,0.06516606,0.04794689,0.116854936,0.056400064,0.071397334,0.048429683,0.06330542,0.055027664,0.066693954,0.04892484,0.06630362,0.08877096,0.09854576,0.09697545,0.11245859
0.24005486,0.1681655,0.2014545,0.15503258,0.2885071,0.08188084,0.24914388,0.030552097,0.22759509,0.35264963,0.2789733,0.16788812,0.33691257,0.1560637,0.32334822,0.1790936,0.13212295,0.10350912,0.12989806,0.09230092
0.019127838,0.02409742,0.024112891,0.03016593,0.015169951,0.05489411,0.018743087,0.117720366,0.026266608,0.017973488,0.019263275,0.028177865,0.023225473,0.031800967,0.020167964,0.02433511,0.021972926,0.027846985,0.024222847,0.034434773
0.073858015,0.071818694,0.07205255,0.0742727,0.06722837,0.08197048,0.06539253,0.12157037,0.078563616,0.06418424,0.06474729,0.07194399,0.07041722,0.074125566,0.06469417,0.07951739,0.07188382,0.07609752,0.06759556,0.07906721
0.59931886,0.6346869,0.5898629,0.6479424,0.5329136,0.7059452,0.5196005,0.78731424,0.6221531,0.5905631,0.50810915,0.6733179,0.43254903,0.7483397,0.45816675,0.44436806,0.5998562,0.6533134,0.5595706,0.66761684
0.15586694,0.123010285,0.14733459,0.111978866,0.1981106,0.080460064,0.19022234,0.09642393,0.15834257,0.0829817,0.21244623,0.09832713,0.28569806,0.05527298,0.24587204,0.19991462,0.104477994,0.08116443,0.11973327,0.07292145
0.03655424,0.054419998,0.033738997,0.055903118,0.025677783,0.09197808,0.022933977,0.064417906,0.033921484,0.07303081,0.020959424,0.07246166,0.020747079,0.12917434,0.018675152,0.03176167,0.044550065,0.067834534,0.03373373,0.06807014
0.04238789,0.07434308,0.03803457,0.06898041,0.030903418,0.12796794,0.027190892,0.078196436,0.036894236,0.09865976,0.025287217,0.094211206,0.025615614,0.18735443,0.023165904,0.048153833,0.05307872,0.08974855,0.039469246,0.08125244
0.022707488,0.037651286,0.018966291,0.024248213,0.031621862,0.044724945,0.02542613,0.03707926,0.03218603,0.06435182,0.030649658,0.034715757,0.03983263,0.031414993,0.035158772,0.028544117,0.018410677,0.051093493,0.018084357,0.029772442
0.16637617,0.29048485,0.16473952,0.21698266,0.12105857,0.30248582,0.11936976,0.29198727,0.118703455,0.41647044,0.108885355,0.29396912,0.11167255,0.11794536,0.10107794,0.14244175,0.15003811,0.3075228,0.12437161,0.23784539
0.18507876,0.10056749,0.1700375,0.10409288,0.23224792,0.05997144,0.2193746,0.05761335,0.2395249,0.010538408,0.24454288,0.053866982,0.2253213,0.24635193,0.24691722,0.12587364,0.16597275,0.06617718,0.17404117,0.072679944
0.011976701,0.032973897,0.01012677,0.01970381,0.01239774,0.032214113,0.01132854,0.045363344,0.012086598,0.14069872,0.011625556,0.052317306,0.013600267,0.047508694,0.013538745,0.014067082,0.009704826,0.043498073,0.01055627,0.022621937
0.014109957,0.027269525,0.013540498,0.020049386,0.013404801,0.027216733,0.014301854,0.043674383,0.013214722,0.15583086,0.014113989,0.056920238,0.013199654,0.058503922,0.01520087,0.017896503,0.013202569,0.038273323,0.015259203,0.022223188
0.022958552,0.042804565,0.020261696,0.02959502,0.023077598,0.041147105,0.022544323,0.048431184,0.023739588,0.1658399,0.022836586,0.0724835,0.023652585,0.06256403,0.02321983,0.028490573,0.019609367,0.05422136,0.021186117,0.03192965
1.1060162,0.8786162,1.1722991,1.0274049,1.194796,0.90060496,1.2724012,0.9569369,1.1974269,0.73180544,1.25539,0.8449773,1.1226213,1.212311,1.2508616,1.0675824,1.1511025,0.85113883,1.2834901,1.0083412
0.019362563,0.0064470517,0.041826498,0.028481178,0.04812606,0.023303833,0.07641048,0.02080693,0.04571899,0.0053763753,0.06327823,0.008317696,0.03372959,0.13807549,0.06192598,0.042812146,0.04813879,0.012421662,0.11284668,0.040610254
0.96748835,0.8451346,1.1158563,1.07908,1.1437643,1.0603336,1.2903007,1.046405,1.1330649,0.82136005,1.1995392,0.8047411,1.0550668,1.3986255,1.2293842,1.1364236,1.1568985,0.8831715,1.4525839,1.1692331
0.6894977,0.62886494,0.9066865,0.96409905,0.8611845,0.9722768,1.0686634,0.97776455,0.84124005,0.8929203,0.98110145,0.8243918,0.8776667,1.1002085,1.0541136,1.0771021,0.94400036,0.7243678,1.3792005,1.1432893
4.495864,4.449153,5.226507,5.603365,5.0761695,5.7521496,5.708921,5.6625204,4.996944,5.8289304,5.747963,5.5373106,5.6680837,5.787308,5.7478757,5.8621464,5.413635,4.9145093,6.687806,6.25232
0.14558135,0.08950428,0.11806373,0.17928335,0.08710965,0.2599653,0.14965342,0.19546886,0.102726564,0.39810482,0.21867137,0.30609062,0.2225341,0.26959535,0.16010454,0.30989328,0.09755214,0.084730335,0.41896924,0.393497
0.6284497,0.6079647,0.33934373,0.17912675,0.2414728,0.15566798,0.14263164,0.15775749,0.45030802,0.099971294,0.12694266,0.10259017,0.1215999,0.1713448,0.11400296,0.11278782,0.2476842,0.32374755,0.08394308,0.08859073
0.15559398,0.2371055,0.0601842,0.033672977,0.04449135,0.06338297,0.021618031,0.024362352,0.11683254,0.025229223,0.022862034,0.018887531,0.02489508,0.12493749,0.026971966,0.030009726,0.059080865,0.13050969,0.01969325,0.01664091
0.18353774,0.28459167,0.14527746,0.14341822,0.13897559,0.24222192,0.12644967,0.13436428,0.26820716,0.1405317,0.17627798,0.13655376,0.14046259,0.3616242,0.1276871,0.16915388,0.14446005,0.20262389,0.122903176,0.12082512
0.07752011,0.061278407,0.10781398,0.067219906,0.11129661,0.12624328,0.13074034,0.08450619,0.1438473,0.061785415,0.093877904,0.06985893,0.082085215,0.20507601,0.10813615,0.06269067,0.047993623,0.034430746,0.077141635,0.055381194
0.037644397,0.099074736,0.045247097,0.033943195,0.05104339,0.16488402,0.06705701,0.03431464,0.13304456,0.045844305,0.056084827,0.030809877,0.031009816,0.23633729,0.04575828,0.04315529,0.048572842,0.13389426,0.035848938,0.040387508
0.007506453,0.041833404,0.021519834,0.0066289534,0.022554122,0.10328097,0.03910013,0.009927908,0.09317633,0.009514568,0.032069076,0.0061327526,0.0060122577,0.16871163,0.02238896,0.015804378,0.0055555287,0.039535638,0.009825077,0.0068818363
0.030033398,0.054261874,0.042074904,0.023441548,0.049757622,0.10324858,0.05704582,0.030391555,0.09687004,0.036500093,0.042319234,0.020694975,0.03136942,0.15110694,0.041486647,0.024481675,0.023764612,0.05103238,0.027104773,0.025142413
0.018521132,0.021835435,0.032308348,0.017193036,0.031988464,0.05464611,0.045619234,0.026261989,0.061372172,0.016691113,0.022192804,0.015498413,0.018332621,0.07469037,0.035454545,0.013910753,0.011587662,0.021458784,0.019391334,0.015734263
0.02682551,0.011778443,0.047676723,0.03028075,0.040581103,0.025616031,0.062938325,0.041998707,0.03498512,0.018707842,0.015445582,0.026033036,0.024076156,0.035056565,0.05316705,0.01481297,0.018305978,0.01085194,0.03411704,0.028469604
0.065406926,0.05056167,0.086220875,0.07755668,0.07673907,0.056537375,0.10268012,0.08567932,0.07289014,0.056475498,0.060504876,0.07408667,0.06300509,0.06290823,0.09576474,0.063556865,0.061718967,0.048737917,0.07980647,0.075051084
0.006941946,0.011864667,0.0076835756,0.008018171,0.014426054,0.0070948172,0.009305701,0.008438813,0.029928949,0.009166421,0.0065257447,0.030080587,0.038743787,0.054721817,0.009912995,0.009707944,0.008921352,0.016687263,0.0069286246,0.0072902283
0.018115517,0.02611031,0.014985484,0.01728619,0.014399272,0.017907321,0.014040431,0.014598592,0.056018215,0.019794965,0.018080626,0.022817697,0.032366097,0.08995534,0.015133423,0.013209816,0.023138529,0.032778278,0.015884224,0.016031587
0.021623284,0.011346752,0.018941524,0.010425377,0.028565401,0.016724642,0.019014532,0.012325911,0.01921869,0.012998875,0.013389704,0.025076998,0.06942024,0.023557676,0.02369624,0.01379564,0.01643804,0.014386049,0.016038757,0.014116298
0.028262753,0.032509137,0.024623102,0.026399525,0.028997399,0.029212367,0.024521051,0.026010502,0.04677797,0.03174496,0.024971195,0.03165263,0.0526253,0.05585487,0.026702406,0.027189432,0.027004948,0.037099462,0.023491299,0.028851433
0.017660813,0.01983532,0.014539701,0.0129800225,0.017893897,0.019150753,0.019241823,0.013989549,0.040930253,0.016513823,0.016104946,0.011361044,0.030587116,0.03628935,0.014424165,0.013091066,0.020145182,0.020461136,0.015986474,0.012644895
0.0061203046,0.0037991651,0.0052958056,0.003495943,0.005428173,0.0046291626,0.0041369456,0.0032586984,0.0067920876,0.0039187865,0.0035063145,0.0036692943,0.026016338,0.0035373464,0.0072321743,0.0032090165,0.004010214,0.005489643,0.004005723,0.003970384
0.008022135,0.010120497,0.007447355,0.008605452,0.007954415,0.012088201,0.008403297,0.008565438,0.011669232,0.008872788,0.0079406835,0.008332055,0.015963875,0.009023287,0.007903516,0.009438029,0.008267389,0.011543323,0.007663012,0.008370709
0.004416209,0.0037927886,0.0035673203,0.0034537767,0.003677253,0.0036807717,0.0023876259,0.0032412903,0.0029261662,0.0031413906,0.0027286639,0.0035332951,0.012821809,0.0075627705,0.0043922937,0.0032667466,0.003124834,0.005825915,0.002738237,0.0039543565
0.015512435,0.01974479,0.012304039,0.015129734,0.015810398,0.02131304,0.012697949,0.015559252,0.015407348,0.02009312,0.012824642,0.015571238,0.01605637,0.017954579,0.0124172885,0.016132792,0.015080542,0.023810618,0.011773671,0.017625237
0.09582632,0.08835076,0.094236456,0.088277474,0.09716475,0.09278924,0.09840004,0.090779155,0.09711493,0.09643755,0.09502987,0.09030277,0.09392189,0.08813883,0.09394223,0.088908724,0.09577109,0.08778964,0.094431624,0.0907804
0.04097605,0.038007233,0.04206473,0.04173514,0.04032604,0.037840914,0.046630587,0.04089944,0.0398118,0.035647735,0.041096155,0.041119587,0.042184886,0.036828723,0.041402455,0.041145694,0.034091886,0.03372658,0.03984346,0.03893787
0.06957069,0.06537109,0.07860478,0.073698185,0.068535395,0.06559579,0.07867657,0.07128831,0.07057991,0.06750114,0.07694437,0.0711614,0.07152668,0.06641316,0.07787533,0.0690874,0.072244525,0.06303436,0.08062644,0.06664587
0.01852187,0.018065969,0.022504427,0.021904865,0.018827965,0.017558996,0.025015822,0.021077562,0.02043378,0.02075555,0.023729851,0.022616839,0.021229824,0.021101339,0.023653109,0.022589505,0.02155537,0.020694457,0.024502814,0.020889211
0.27452606,0.2713779,0.3042781,0.30260321,0.27855358,0.28091857,0.32727098,0.29767102,0.2847056,0.27922925,0.30371523,0.29908052,0.2966915,0.27839985,0.3047451,0.2945654,0.25344494,0.24524139,0.3043305,0.2851168
0.004854293,0.0046984055,0.0020425634,0.0022739444,0.003995642,0.003963112,0.0060014226,0.0022625427,0.0039719953,0.0030781531,0.0022352382,0.0021132352,0.0027672232,0.002767062,0.0020449779,0.0020444398,0.013365432,0.0118994415,0.0018025709,0.0024117953
0.018012129,0.019311236,0.023905862,0.025599001,0.019947147,0.021742536,0.033646405,0.025364073,0.021082234,0.020763297,0.025015509,0.02593319,0.023565855,0.020416154,0.024667861,0.025193654,0.0145032015,0.016915541,0.023023231,0.022879945
0.012188194,0.013535859,0.011634677,0.012649892,0.012133726,0.013090628,0.013974979,0.012174985,0.011818662,0.012221861,0.011848988,0.012470812,0.012149232,0.011888442,0.011822104,0.012459212,0.013320789,0.016125146,0.011222736,0.012064695
0.070322394,0.06467848,0.07370591,0.07001017,0.073381096,0.0669812,0.07925717,0.074057035,0.07599376,0.069627546,0.07816829,0.07414054,0.07652109,0.07033966,0.07729764,0.07588601,0.073053546,0.06398163,0.07623036,0.073894426
0.006629041,0.008310756,0.005525947,0.0071537895,0.0061010127,0.008430128,0.00747282,0.006512347,0.0067332094,0.007220288,0.0058486694,0.006926433,0.0073837624,0.006831747,0.005922673,0.007123324,0.005856753,0.009156213,0.005520945,0.0067981896
0.006171444,0.006799951,0.004028191,0.0045047025,0.0046623913,0.00605993,0.0025539084,0.003094635,0.0053372066,0.0052054953,0.0031700186,0.0027050313,0.0042533474,0.0038123105,0.0029036517,0.0025722792,0.0053039785,0.008346913,0.0026736392,0.002255053
0.0012463443,0.005242309,0.001726215,0.0036967762,0.00094873214,0.0052267867,0.0014996354,0.0025851831,0.0013396166,0.0043767607,0.0017949617,0.0024343522,0.0012512173,0.003486109,0.0017357513,0.0023344262,0.0017364869,0.008548896,0.0018657292,0.0026144637
0.02134202,0.012105132,0.020509105,0.014499964,0.022310704,0.012337365,0.021059621,0.017056096,0.021579279,0.012073114,0.021942338,0.017307313,0.020997234,0.014451426,0.021303145,0.017347233,0.021211576,0.012371239,0.02005782,0.017279346
0.01157294,0.010149055,0.011494876,0.010856098,0.011457305,0.011379522,0.011458125,0.010984192,0.011818328,0.0111403605,0.011442183,0.01100029,0.011273491,0.011015186,0.011554484,0.011039088,0.011566963,0.011913164,0.011249896,0.011025819
0.042768143,0.03533196,0.04090802,0.03703674,0.04411335,0.034842726,0.0413267,0.036628198,0.043371983,0.0345479,0.041383084,0.03778834,0.043600406,0.034655042,0.040985014,0.036497515,0.042300384,0.03221539,0.04121007,0.03581936
0.018135944,0.014133575,0.016446516,0.014243254,0.018672876,0.014465761,0.016674962,0.013971034,0.017979117,0.01451735,0.016324786,0.015161479,0.018683752,0.013684368,0.016148958,0.01440795,0.018100256,0.01932106,0.016480412,0.015631307
0.018074287,0.028009731,0.015269735,0.018034233,0.018183203,0.027084598,0.015106905,0.01858706,0.0202428,0.024033552,0.015649768,0.016629087,0.016516652,0.024708765,0.01574393,0.017998267,0.019823411,0.034117766,0.015332583,0.018796535
0.03484494,0.021122875,0.034305997,0.028809698,0.036764648,0.021075161,0.03508748,0.028411161,0.034440696,0.022332959,0.035202645,0.031758998,0.03515621,0.022510765,0.034820817,0.029569753,0.03455109,0.021592889,0.03376793,0.02798334
0.02709269,0.020850219,0.02657501,0.023877744,0.027415898,0.020725122,0.026760304,0.02347318,0.026428958,0.021269761,0.02600062,0.024870155,0.02771315,0.02006235,0.025867173,0.024034237,0.026073305,0.02090392,0.026605155,0.023940314
0.007628289,0.01424286,0.0060506635,0.008079124,0.008028608,0.013216555,0.006045818,0.0082590915,0.011354779,0.011390627,0.0068214554,0.007415428,0.0076327096,0.011755446,0.006815625,0.008273414,0.0077056866,0.016274078,0.0060596718,0.008350596
0.10008507,0.115836136,0.10192303,0.105039254,0.09917421,0.11585652,0.10137226,0.10579435,0.10312914,0.112261824,0.10208163,0.103324175,0.098793365,0.1143239,0.10232771,0.10388396,0.101812676,0.12190419,0.102738455,0.1072842
0.015754996,0.026504822,0.019735774,0.024878852,0.015127046,0.028774183,0.019407524,0.02515819,0.014798647,0.027899142,0.018238826,0.02270932,0.015864914,0.027848572,0.018723559,0.023535332,0.011954542,0.024463378,0.01916611,0.025196753
0.016716905,0.012424226,0.013533858,0.012646187,0.018174946,0.012876144,0.013769451,0.012498057,0.017791403,0.013335939,0.014145637,0.012149205,0.01608545,0.011539311,0.0140307415,0.012732259,0.020908454,0.013352325,0.013534823,0.011916852
0.0037210125,0.0058879955,0.0028777122,0.0035889535,0.0040435516,0.006605426,0.002774478,0.0033902684,0.0055498253,0.0059202705,0.0035203164,0.003288679,0.004117333,0.0054310486,0.0031946062,0.003597612,0.006268188,0.00855103,0.0034803196,0.0045681046
0.0065503037,0.007772276,0.004988211,0.0056762057,0.007829313,0.008639714,0.0052761785,0.0056618997,0.008131468,0.008409674,0.005846592,0.005811581,0.0065204008,0.008069887,0.005698765,0.0058723018,0.0072252,0.010948506,0.00479534,0.0064886594
0.008007562,0.013773172,0.0088452,0.010649913,0.0074470025,0.014614251,0.008588347,0.010714593,0.007826294,0.013479212,0.008654068,0.009856639,0.007957118,0.013357676,0.008718806,0.010324412,0.008476797,0.016343227,0.00916509,0.01149326
0.09060121,0.091528915,0.092531,0.09233067,0.0909903,0.08993159,0.09263131,0.092354976,0.09190534,0.091475055,0.09334648,0.0924352,0.09148744,0.09141271,0.093318075,0.092872605,0.09119325,0.0919066,0.09288814,0.09214951
0.0057764803,0.010776015,0.0060948012,0.009181836,0.0058593987,0.012828555,0.0060265143,0.009329201,0.0050907154,0.012209152,0.005640229,0.008715277,0.005033658,0.0124815395,0.0058802296,0.008885537,0.0059684427,0.012314662,0.0057390686,0.009509976
0.0027468116,0.0048145847,0.0022151028,0.0039104987,0.0025853203,0.0063316156,0.0021183838,0.003911174,0.002675151,0.007050015,0.0022076054,0.0037195878,0.0027086267,0.005781815,0.0022286659,0.0037821638,0.0047214204,0.0058579934,0.0023393452,0.0038480826
0.045510117,0.044039715,0.04529423,0.043602042,0.042946752,0.046415992,0.044248417,0.043368485,0.044523466,0.039101064,0.044729814,0.04397757,0.045198258,0.045226004,0.044760995,0.043630347,0.047743455,0.047266413,0.04629783,0.045497376
0.22994776,0.17753296,0.2222809,0.19958653,0.23656543,0.17845865,0.22420684,0.19987765,0.23231289,0.17808072,0.22332074,0.20255235,0.228111,0.180111,0.22434303,0.2001806,0.22464542,0.15310235,0.2185875,0.1864193
0.006150587,0.005189143,0.005586008,0.005699155,0.007983746,0.0050991164,0.0060336078,0.0057226177,0.0057531744,0.005653596,0.004889481,0.005551889,0.005863886,0.0051742257,0.005343404,0.005446273,0.003288416,0.005011898,0.004154979,0.0054223845
0.026675591,0.026341865,0.026697302,0.027600624,0.0278693,0.026328979,0.026928741,0.02749866,0.02529469,0.027572129,0.025551269,0.027229203,0.02585607,0.026722992,0.02638738,0.026792647,0.020250496,0.026568493,0.024407098,0.028107593
0.0659689,0.05931759,0.06283259,0.057890553,0.06816842,0.056445755,0.0635286,0.05803475,0.060745455,0.055678725,0.0604265,0.05730399,0.06400292,0.05595173,0.062464144,0.056945603,0.07016966,0.06096591,0.06258004,0.0567493
0.012831033,0.016189063,0.012783543,0.015921542,0.013919302,0.0140035935,0.013255932,0.015501363,0.01149965,0.014481589,0.012042937,0.015322705,0.013256462,0.013635715,0.012611758,0.015130052,0.011532475,0.0173858,0.012001758,0.016253203
0.03452875,0.033089463,0.033872988,0.0277287,0.035032924,0.030677926,0.03403612,0.028514879,0.035860438,0.030415237,0.033472255,0.028385093,0.03814166,0.03117198,0.033058,0.028968716,0.035098985,0.036010053,0.03442624,0.028477492
0.029517291,0.024089761,0.030066498,0.029158087,0.02933209,0.025112998,0.030196013,0.028964644,0.028603664,0.024622804,0.03031295,0.028715705,0.029100442,0.023864634,0.030509772,0.027624128,0.030038897,0.024898361,0.029127669,0.029080573
0.003908569,0.0054853973,0.0035054346,0.0040410813,0.003935914,0.0047172112,0.0035506783,0.0040383195,0.0035657857,0.0041240123,0.0035683038,0.003879659,0.004016612,0.0044299155,0.0035272269,0.0040430524,0.004379875,0.0064438893,0.0032986698,0.004198127
0.0049008653,0.0032213144,0.0041291383,0.0030858056,0.00478636,0.003602445,0.0040960307,0.002924386,0.0050646984,0.0031566748,0.0042044497,0.002821675,0.005079645,0.003200081,0.0042305123,0.002648945,0.005216953,0.0050088945,0.004231562,0.0041792705
0.02364297,0.020878576,0.021660717,0.023050277,0.02405671,0.023604868,0.021814723,0.022601137,0.022081602,0.02162171,0.02220899,0.021930112,0.022894295,0.021887584,0.022314725,0.02169154,0.0233035,0.021047318,0.020971812,0.023027701
0.035968296,0.035523098,0.038682412,0.036418162,0.035941232,0.035623625,0.038730334,0.036581267,0.034871373,0.034415003,0.03767984,0.036374934,0.037973955,0.034539834,0.038262494,0.036866713,0.03631582,0.03571072,0.03902997,0.034868572
0.010587724,0.009734454,0.010518715,0.009848682,0.010577169,0.0097082425,0.010512333,0.009768554,0.010750032,0.009756393,0.010637893,0.009734422,0.01086731,0.009712344,0.010445346,0.0097287875,0.011230221,0.011539592,0.010596723,0.010335119
0.028366804,0.026640631,0.024245424,0.02723557,0.028148554,0.031039823,0.02422663,0.02648331,0.027109386,0.026059896,0.025237866,0.025618173,0.025556555,0.026108045,0.024797738,0.025747133,0.030318685,0.027648997,0.02374391,0.028194403
0.0070496504,0.0040395046,0.005142348,0.0041606957,0.0073387777,0.0041852077,0.005154198,0.003937543,0.0075455573,0.0041264617,0.005324419,0.004163421,0.008256604,0.004160947,0.0052808044,0.003903413,0.0065171174,0.004095833,0.0049689887,0.0044465535
0.008532315,0.007820941,0.0078059393,0.010161037,0.0084619485,0.009967157,0.007751525,0.009425449,0.008343502,0.008805082,0.008119151,0.009432027,0.0073332405,0.008793814,0.008067567,0.009381723,0.0076633072,0.007864077,0.007530916,0.010430374
0.072459415,0.06543221,0.07250868,0.07193492,0.07319883,0.06779857,0.07246709,0.07075843,0.07382284,0.06912615,0.07257803,0.0708588,0.07031136,0.06773559,0.07263536,0.07126758,0.067499295,0.06188338,0.07220533,0.07289685
0.016179299,0.010391788,0.016607435,0.015398619,0.01650958,0.01085022,0.016593676,0.014715072,0.017760057,0.011665414,0.016652724,0.0155131705,0.017393364,0.011014947,0.016622685,0.014880232,0.012699917,0.0113971215,0.015868472,0.01554447
0.09801834,0.08178189,0.09778405,0.0920112,0.099313125,0.08175314,0.09802342,0.091626815,0.10186336,0.08363863,0.09828877,0.09335065,0.100468926,0.08311809,0.09860524,0.091951884,0.09006751,0.07603586,0.095649526,0.09139776
0.0069831866,0.0064673303,0.007154557,0.006520568,0.0078666955,0.0062399735,0.0072966786,0.0064339163,0.008579066,0.006177111,0.007171592,0.0065169735,0.0075922674,0.005976395,0.007213294,0.006616571,0.006223518,0.006847337,0.0068622,0.005762785
0.020805575,0.015644945,0.01951328,0.0218738,0.021459604,0.017008225,0.019717574,0.021147456,0.021618774,0.01751502,0.020727176,0.021980243,0.019865388,0.017057927,0.020192182,0.021554867,0.015701357,0.012564656,0.017341387,0.020443419
0.0047643334,0.0030455505,0.004806767,0.003542329,0.005043305,0.0028162538,0.004875478,0.0034983854,0.0051990156,0.0027719503,0.0046495297,0.0035349734,0.004969552,0.0025774157,0.0047438545,0.003648713,0.004072265,0.0032703625,0.004454776,0.0033495834
0.02636833,0.023902776,0.024511851,0.029955266,0.026342055,0.02644489,0.024565736,0.028743323,0.025667395,0.027499652,0.026540155,0.028912568,0.025637655,0.026451759,0.025717655,0.029465968,0.023940839,0.022233713,0.023016417,0.028576693
0.21758638,0.20606157,0.22754194,0.21337935,0.2188203,0.20093851,0.22796392,0.21456112,0.2206947,0.20157483,0.22578387,0.2131495,0.22327088,0.20231266,0.22703296,0.21414213,0.21684904,0.20308667,0.22834328,0.20864393
0.006791777,0.007716514,0.006435895,0.0049277944,0.0069705537,0.007545965,0.006498719,0.0051760925,0.0063383966,0.0065499777,0.005444574,0.0051674843,0.00636043,0.007835747,0.0057984446,0.0049672863,0.010390599,0.010789832,0.006840612,0.0052782744
0.002287394,0.0023236827,0.0024662637,0.0032760692,0.0024603547,0.002469719,0.0025518178,0.0032419728,0.0021475325,0.0023729503,0.0024780196,0.0029869126,0.0022023052,0.002151758,0.0024323177,0.0031521623,0.0030264582,0.0027356255,0.0020295656,0.0026646475
0.058272216,0.05337378,0.05817681,0.052896097,0.058007523,0.053022496,0.05795654,0.053188737,0.055125125,0.051648267,0.056051742,0.05242958,0.056695387,0.05392956,0.056929473,0.05332885,0.06427133,0.056276,0.059907928,0.053561497
0.004439714,0.004013341,0.0059934203,0.0055152867,0.0045826887,0.0039012807,0.0059240437,0.005597059,0.0037373966,0.0038781732,0.0049825152,0.005443313,0.004488983,0.0043444093,0.005238537,0.0054663247,0.0049867244,0.0044819224,0.0063662506,0.0054220404
0.05151989,0.048296034,0.057114083,0.05615249,0.05099331,0.048728824,0.05651201,0.05583683,0.04898145,0.0525098,0.054571223,0.055550966,0.051339865,0.05185193,0.055562813,0.055246107,0.052576456,0.0506172,0.058957193,0.056703545
0.008906337,0.004586104,0.0050182864,0.0034556366,0.011416827,0.0046523972,0.005619816,0.0036784655,0.013521823,0.004590268,0.00572904,0.003378927,0.013896097,0.0043921713,0.005710646,0.00335778,0.007908953,0.006301768,0.00392304,0.0036809978
0.006227637,0.0048600216,0.006271363,0.005584789,0.007281876,0.0045996476,0.0064858603,0.005638434,0.0068304595,0.0045751045,0.0056868573,0.0048769615,0.0070898607,0.0044425153,0.006047778,0.0050138906,0.004274598,0.0054574525,0.00582917,0.005222541
0.02783868,0.02970785,0.030013073,0.030970126,0.027159171,0.029650085,0.029546073,0.03067174,0.028122563,0.027514698,0.029945554,0.030041598,0.028594216,0.027166933,0.029990997,0.029820854,0.02874414,0.030309465,0.030729165,0.030207051
0.035805665,0.032137923,0.031931207,0.031337317,0.03542803,0.03334772,0.031660184,0.030968748,0.03388769,0.03403826,0.031544786,0.031887516,0.036408406,0.03490531,0.031858973,0.031062992,0.037123222,0.031824857,0.032146797,0.031255808
0.026020085,0.028642472,0.023926975,0.024520691,0.026499163,0.029420527,0.023836788,0.024431683,0.026347255,0.025005328,0.023704262,0.022631498,0.025367303,0.025581801,0.023623584,0.02297125,0.026130578,0.026051031,0.024413692,0.023426708
0.009539114,0.010688512,0.012613093,0.013222797,0.009482374,0.010606044,0.012182799,0.012950026,0.010395331,0.010543914,0.012345331,0.0128240995,0.010337185,0.010607495,0.012404735,0.0123343645,0.010857158,0.012626818,0.013914707,0.012354467
0.010386582,0.011509334,0.01031347,0.010230729,0.011202026,0.011713679,0.010444453,0.010287725,0.012882052,0.01167412,0.010416472,0.0099211605,0.009710728,0.011107242,0.010241955,0.009521227,0.008812439,0.010487717,0.0104193045,0.010405338
0.0063041938,0.007896546,0.008725408,0.010796719,0.0058889585,0.008004598,0.0082942955,0.010402504,0.0049074907,0.0075191725,0.008185798,0.01022702,0.010415555,0.00849933,0.008813655,0.009816443,0.0070347968,0.008109567,0.009320557,0.009218553
0.09673245,0.09221108,0.1056171,0.10320926,0.09515178,0.090920724,0.10433803,0.10242574,0.09375141,0.09361639,0.10355408,0.102365024,0.103755765,0.09389465,0.10536047,0.10144035,0.09276818,0.085257605,0.10802864,0.099857934
0.001615554,0.0028196066,0.0009760699,0.0028147649,0.0024735965,0.0031198885,0.00091468275,0.0024313086,0.0038090574,0.002039367,0.00069437793,0.0021698102,0.0012280958,0.0022883427,0.00075023546,0.003418978,0.003811269,0.004792298,0.0012727736,0.0029069458
0.027040545,0.024046768,0.028483981,0.026855992,0.028202534,0.023292225,0.028861191,0.026979687,0.0335883,0.025503492,0.029292084,0.02741507,0.027279591,0.02512043,0.02876278,0.026897179,0.02198838,0.02078987,0.02743426,0.02734337
0.011909361,0.010862229,0.008088959,0.0072755,0.0127106495,0.011725756,0.00828984,0.0072345855,0.014430323,0.011280873,0.008855474,0.0076602395,0.011381725,0.0115993675,0.008274075,0.0076038865,0.015662435,0.014598313,0.008302786,0.008163043
0.0051571275,0.013701139,0.007785261,0.012982717,0.005057276,0.013197912,0.0075919647,0.012452607,0.00502452,0.012283338,0.0076252003,0.012188432,0.006285192,0.010682714,0.007989724,0.013150021,0.00495679,0.017682265,0.008009081,0.013778521
0.01456818,0.02065751,0.015182924,0.02069045,0.014323377,0.019951202,0.014816755,0.019824764,0.012790529,0.017297357,0.015003819,0.018466044,0.016101442,0.016809905,0.015943643,0.020837305,0.013790662,0.02011352,0.0151777435,0.018924905
0.0069350363,0.0052246125,0.004069837,0.0029229247,0.007750296,0.005591822,0.0043857577,0.002830139,0.009648159,0.0049007107,0.0047102226,0.0029793633,0.0063575725,0.005090984,0.004083087,0.00326294,0.007951395,0.0060352325,0.0039101182,0.0032397388
0.01819766,0.013741457,0.013917381,0.010534732,0.019010412,0.0142686665,0.014367872,0.010583301,0.019897904,0.014012516,0.0142474575,0.011160357,0.017508673,0.014646229,0.013707903,0.011023115,0.018024297,0.012008634,0.013828101,0.0110718915
0.08146606,0.05799796,0.075900696,0.060328852,0.082036264,0.05824169,0.0767038,0.061189003,0.08388556,0.06091586,0.075957656,0.064206354,0.07912497,0.06343583,0.0748939,0.06300747,0.07679771,0.04619217,0.07523354,0.05946652
0.00366989,0.011448019,0.002605352,0.0032843202,0.0038545406,0.0115915835,0.0027427599,0.002986914,0.004612722,0.0063909846,0.0027278357,0.0019977198,0.0067732707,0.003288892,0.0027228307,0.003570622,0.002065538,0.01511488,0.002311127,0.0016624252
0.0075984416,0.0052276202,0.008166579,0.0041326242,0.007306087,0.005282566,0.00830714,0.004194254,0.008312374,0.0043191444,0.0077248528,0.005096935,0.008733897,0.0050752917,0.0074688992,0.0050222334,0.005502109,0.008259562,0.0082138395,0.003719133
0.024258234,0.03423328,0.024409506,0.028001122,0.024383137,0.034134947,0.024251789,0.027382668,0.024134953,0.028819542,0.024084836,0.025932832,0.03015917,0.026838353,0.024566736,0.026018707,0.025644034,0.04047883,0.025028072,0.027743714
0.031834148,0.0288698,0.03459561,0.030346487,0.030340875,0.028784467,0.03444223,0.030293498,0.032139186,0.030510576,0.03403846,0.031558916,0.031189272,0.0323892,0.034396328,0.031782404,0.030743612,0.027322304,0.035433285,0.032352533
0.015338403,0.009286023,0.012516534,0.007819773,0.01615817,0.007309732,0.012309546,0.0076206797,0.015126513,0.006362223,0.012071722,0.007941897,0.01689086,0.0064164405,0.012015994,0.008467932,0.013240099,0.0073586632,0.012369642,0.00749782
0.009830206,0.011328423,0.007831475,0.006301018,0.010917271,0.0067893574,0.007948934,0.005986726,0.011140027,0.0060227793,0.007988025,0.0063815783,0.010690704,0.00540916,0.007879708,0.005886101,0.0071851215,0.011904428,0.0071931495,0.006238008
0.03333377,0.029930936,0.032095667,0.029867066,0.033282187,0.029008845,0.03198292,0.029535282,0.0339813,0.028969044,0.032183006,0.029980851,0.033219047,0.028386105,0.03204792,0.030082854,0.029622726,0.027859544,0.031194704,0.029319292
0.010679611,0.012958484,0.0093586035,0.0075751273,0.010763927,0.009642097,0.00915603,0.0075676343,0.0102146715,0.0079344055,0.009295571,0.007380066,0.010459648,0.008402179,0.009217218,0.007390781,0.012137914,0.015676145,0.009796127,0.008139869
0.011705527,0.019189479,0.011428553,0.012178411,0.011753731,0.014146603,0.011440353,0.012070041,0.011916401,0.0131449355,0.011403012,0.012252294,0.011600607,0.012571472,0.011313758,0.012173785,0.010761874,0.019960301,0.011055749,0.011060051
0.02595238,0.032866284,0.026748938,0.027232027,0.025900522,0.028749676,0.026635895,0.027621929,0.025081111,0.0282968,0.026205251,0.026782226,0.026058106,0.027935248,0.026505644,0.026608856,0.025489327,0.0352785,0.026797991,0.026585648
0.10304162,0.053071838,0.09991588,0.077344336,0.09941187,0.065102704,0.09783388,0.0779403,0.09743758,0.06832886,0.09867816,0.078010865,0.103241935,0.070438415,0.0989831,0.07840452,0.105201766,0.05192825,0.10122119,0.08221163
0.026294734,0.046019256,0.023950933,0.027082322,0.028567608,0.035130993,0.024423247,0.027080916,0.031841464,0.025216201,0.025561873,0.026829444,0.026563874,0.025417982,0.02473592,0.026993897,0.02157954,0.03906133,0.022054518,0.024289776
0.026859904,0.02662456,0.02994293,0.026551988,0.025183765,0.02736876,0.028659074,0.027090238,0.022659797,0.028447839,0.026576182,0.02585724,0.026110472,0.02937397,0.027903995,0.02574155,0.030966185,0.030321542,0.03335007,0.028737387
0.0053994716,0.022035204,0.0052755075,0.008559522,0.0070253517,0.014238401,0.005400152,0.008771012,0.0091206515,0.012295884,0.005815425,0.00904556,0.0055991337,0.012437374,0.005407138,0.008705571,0.0053639044,0.023498753,0.005822532,0.007819212
0.018520914,0.013360916,0.020684713,0.016563725,0.016529057,0.014435207,0.019485654,0.017144876,0.015037744,0.015490365,0.017849255,0.015963633,0.018451655,0.015461838,0.01920136,0.015822804,0.020170547,0.014724206,0.022663064,0.01837688
0.026802493,0.046591572,0.026318671,0.029575769,0.027325112,0.036801744,0.02636035,0.029657193,0.02866354,0.029649768,0.026500385,0.029440667,0.026232572,0.029536627,0.026183926,0.030130016,0.025471872,0.040132258,0.02568381,0.027276834
0.016075805,0.044127528,0.016919805,0.025450118,0.01758555,0.03560827,0.017428081,0.025586735,0.019761167,0.0360602,0.017852092,0.025874408,0.01643209,0.035890874,0.017428119,0.025293715,0.015994666,0.05028905,0.01725056,0.02479524
0.05412505,0.06815934,0.05544641,0.060061056,0.0547953,0.06605765,0.055583782,0.06076682,0.054741703,0.06582283,0.055236924,0.05964995,0.05453143,0.06530123,0.055525925,0.05889945,0.054163177,0.071056,0.05622523,0.05891455
0.0048391772,0.005478099,0.0031935342,0.0036888255,0.0047852597,0.0054603526,0.0031148763,0.004021203,0.0039423164,0.0052136425,0.003099022,0.0035233877,0.004285383,0.0044725104,0.0031489155,0.0034527539,0.0069225826,0.006663723,0.0030564924,0.0033277504
0.049103487,0.041383103,0.046234075,0.04267227,0.048767556,0.043850955,0.0458489,0.043048423,0.04777546,0.039880667,0.046250913,0.041333552,0.04934871,0.04022528,0.04661424,0.041665103,0.050819088,0.041034147,0.046421897,0.04313864
0.06842909,0.07783716,0.0712875,0.07747197,0.06687348,0.084321395,0.070621446,0.07776246,0.068660624,0.074447535,0.07104619,0.072450966,0.07144945,0.07207533,0.072217144,0.072108455,0.061815646,0.073862664,0.07070073,0.07826788
0.018127138,0.021945989,0.020246511,0.023053866,0.019292688,0.023855418,0.020646734,0.023639193,0.018837966,0.021990674,0.019922977,0.02450468,0.01763021,0.021018188,0.0200946,0.024208708,0.021283645,0.018387077,0.020847797,0.01760062
0.026127385,0.015853293,0.020229517,0.014364452,0.026802927,0.017823938,0.020328112,0.0141169345,0.026083527,0.016048115,0.020949708,0.014439217,0.024472343,0.01807144,0.02005101,0.015058917,0.03011167,0.024794655,0.020108683,0.019473203
0.024842508,0.02290821,0.023947764,0.025112513,0.024213023,0.028080134,0.023287624,0.024247883,0.024055118,0.0222972,0.024330633,0.0232005,0.026831085,0.021352677,0.024603087,0.022425557,0.025373092,0.021039857,0.02461845,0.024355657
0.015386722,0.014400378,0.016006181,0.015920226,0.015054796,0.015187317,0.015799837,0.015421456,0.014586753,0.014100029,0.015366788,0.014932111,0.015754621,0.013392197,0.01591131,0.01464189,0.015081975,0.014671209,0.016321352,0.016037611
0.03176035,0.03682629,0.037887085,0.038645443,0.031899724,0.031912513,0.038543884,0.039354697,0.0330499,0.036848858,0.037000276,0.04037908,0.031415533,0.037244134,0.037810348,0.03985134,0.031190408,0.035150014,0.0378902,0.034677777
0.010684445,0.015229678,0.008671019,0.013943415,0.01070016,0.019985683,0.009292784,0.013594926,0.0110015925,0.010714801,0.009575539,0.012316156,0.0103380075,0.012509232,0.009012202,0.012491125,0.009550678,0.012317192,0.0077755186,0.010798555
0.0062164194,0.0083479285,0.0061329803,0.006384267,0.0067699817,0.008678016,0.005900851,0.006595472,0.006440938,0.008246383,0.0055431854,0.0068360264,0.006052556,0.007718389,0.0058775,0.0065401266,0.007865157,0.012148467,0.006934059,0.006839714
0.03711766,0.04215922,0.037262976,0.040348183,0.038371146,0.04441652,0.03774118,0.040638167,0.037294842,0.039003894,0.036856487,0.038456786,0.036834706,0.039187208,0.03713145,0.039268367,0.036787435,0.041935194,0.037862938,0.037707437
0.048922345,0.041746184,0.038655892,0.03835867,0.048450965,0.04760015,0.039504196,0.037858304,0.046811264,0.039614465,0.04018909,0.036655296,0.048753273,0.043855164,0.03920714,0.037502825,0.05153317,0.043830097,0.036722932,0.039297532
0.0047074845,0.0071041193,0.0047257706,0.0070453803,0.004595129,0.008166181,0.0047413143,0.0069616823,0.00449263,0.0064085945,0.004685816,0.0067771594,0.0054430063,0.006733573,0.0048481687,0.0068710577,0.006092647,0.0078082513,0.0051144077,0.0058256392
0.056962024,0.06878005,0.06699909,0.06583409,0.060167518,0.05886869,0.065493114,0.06802576,0.058190517,0.06813129,0.06172556,0.06775422,0.053741798,0.061383646,0.06574376,0.06751155,0.05533373,0.06770935,0.06921564,0.06319297
0.005400358,0.010428063,0.008132432,0.011039783,0.0057485043,0.011363733,0.0077318307,0.011261848,0.006404795,0.010419888,0.0069810064,0.011098837,0.0066474155,0.009116062,0.0074892854,0.010857472,0.0055182306,0.010569891,0.009830586,0.010211673
0.009749919,0.00882579,0.0063419207,0.0079149855,0.010235358,0.012575621,0.0068484945,0.0080022365,0.012169537,0.007142369,0.007841746,0.0075447564,0.012603005,0.008495803,0.007390499,0.0080069145,0.009160218,0.008605858,0.0059074317,0.0069020526
0.017004725,0.015747648,0.017079433,0.015597536,0.017143691,0.016712021,0.016484268,0.015686242,0.016043756,0.016315598,0.015556339,0.015263635,0.016290724,0.015699627,0.01595358,0.015214071,0.01841486,0.01824998,0.018051136,0.017037695
0.0076574963,0.0072138193,0.0058109136,0.0074365516,0.007826507,0.011413941,0.006280585,0.0073636533,0.009880281,0.0063344683,0.007064902,0.007232346,0.008461904,0.0076443,0.0065438305,0.007633166,0.0067946175,0.0064543355,0.005417474,0.0060705394
0.022409761,0.023676781,0.023303267,0.023878114,0.022508474,0.025175648,0.023076018,0.024038749,0.022170756,0.022861581,0.02278357,0.023302473,0.02373221,0.022357333,0.02315328,0.023258712,0.022339726,0.024469616,0.023452781,0.023741668
0.0096576875,0.009528091,0.010109877,0.009893419,0.00954974,0.008762103,0.010006072,0.010006181,0.009534389,0.009120728,0.00976047,0.010094351,0.009972938,0.008825614,0.010013748,0.009882801,0.00947554,0.009454738,0.010479709,0.009490794
0.0094594825,0.0065881815,0.0063868985,0.0060779303,0.009525685,0.0075650127,0.0068713953,0.0059037604,0.008820834,0.0070814854,0.006651973,0.0058545796,0.008106585,0.00783981,0.006482706,0.00623498,0.008925218,0.008485158,0.005562904,0.0071160565
0.1513444,0.13265203,0.14133692,0.13733949,0.15063755,0.14202468,0.1429584,0.1361263,0.14918116,0.14140238,0.14282468,0.13704051,0.14011094,0.14473203,0.14055896,0.13885264,0.15141906,0.13652295,0.13927993,0.14099768
0.01702808,0.01265174,0.0154039,0.01474728,0.016587183,0.013700674,0.015693245,0.013972935,0.012941099,0.014369308,0.013870879,0.014947177,0.019157851,0.015259304,0.014000974,0.0147952605,0.01711404,0.012833196,0.015037137,0.01601748
0.21022072,0.19739261,0.21649267,0.20064364,0.21415482,0.1879284,0.2159592,0.20268942,0.21662617,0.1930034,0.21576974,0.19819465,0.24717703,0.18851331,0.22047772,0.20128599,0.20990875,0.19892617,0.2189912,0.20000291
0.0060636546,0.007621002,0.005095774,0.006295882,0.0063722664,0.011729825,0.005035585,0.0061662076,0.0053538363,0.005831508,0.0050432603,0.006377531,0.008628012,0.007287997,0.005428852,0.005811219,0.008901625,0.008771467,0.0052652643,0.0053158435
0.0051815505,0.0057037915,0.008535918,0.0076777306,0.005695107,0.007784484,0.008136298,0.007734788,0.0064840475,0.0056520933,0.008302555,0.007867552,0.007146154,0.004759864,0.008656127,0.008263552,0.0053361235,0.0047206776,0.009388836,0.006305341
0.051365387,0.05217731,0.044713985,0.044292483,0.05170629,0.055907372,0.044734906,0.044197075,0.048082132,0.0496607,0.044067938,0.04353154,0.049739327,0.05097774,0.04427118,0.0437579,0.056805804,0.057218127,0.04541156,0.045586977
0.018877545,0.01447674,0.017826043,0.015074354,0.019537939,0.016190585,0.017673876,0.0152437985,0.018167429,0.015108738,0.016996285,0.015381318,0.018575452,0.014861132,0.017271759,0.015390628,0.01848913,0.013356471,0.017717691,0.014607165
0.04207263,0.040801287,0.035675768,0.037332438,0.04252982,0.04514685,0.036272746,0.036950007,0.042043623,0.04196296,0.036684196,0.038472816,0.041291416,0.041775595,0.035892375,0.036907632,0.039836027,0.038539443,0.033675876,0.036794197
0.016718568,0.019486547,0.015253486,0.017420212,0.016750596,0.022429384,0.015381037,0.01723422,0.016705513,0.019777033,0.015621433,0.018161332,0.015717773,0.019523164,0.015208277,0.017195055,0.018038955,0.022516366,0.01533842,0.01738868
0.034259114,0.026010567,0.030257927,0.025741316,0.03437606,0.026755553,0.030287482,0.02604971,0.03650221,0.030279197,0.030171376,0.027729157,0.03506919,0.026028076,0.030212825,0.02611934,0.0301301,0.021823317,0.02861782,0.025229272
0.020352162,0.019082379,0.020369438,0.017871128,0.02147383,0.01939847,0.020473199,0.017557027,0.02044519,0.018179731,0.02017604,0.016478984,0.021875666,0.018846178,0.020827476,0.016302578,0.019348705,0.021954406,0.020001331,0.019480955
0.01983759,0.016788842,0.020232648,0.018463867,0.020124499,0.016357504,0.020292068,0.018471904,0.017409695,0.015981575,0.02027106,0.018784199,0.01825579,0.017499156,0.020054804,0.01918911,0.021947335,0.015359346,0.020410636,0.016629774
0.016221015,0.018947257,0.01730323,0.018365521,0.016435202,0.017917639,0.017362785,0.018732185,0.015859723,0.020769835,0.017277597,0.018905729,0.016361415,0.019860022,0.017223014,0.018891698,0.016242163,0.02002367,0.017645156,0.018038811
0.016680654,0.018080076,0.012890217,0.013776359,0.01628881,0.014963462,0.012993888,0.014617282,0.017184295,0.01787101,0.013158886,0.016723609,0.016809072,0.01645423,0.0132057415,0.014014241,0.015574503,0.017089058,0.011492297,0.013247945
0.01612335,0.017342826,0.015075417,0.015771171,0.016003352,0.016534293,0.015103894,0.015666986,0.016495608,0.015894525,0.015003731,0.016970402,0.015249328,0.014293744,0.014807494,0.015608132,0.016202318,0.016286032,0.014516637,0.015224533
0.028821109,0.030676294,0.02504595,0.02683507,0.028386807,0.030006975,0.02494677,0.02701666,0.03020919,0.03297895,0.024746321,0.03022582,0.027097724,0.032673456,0.024545921,0.028003719,0.028975021,0.032019846,0.023806715,0.027281612
0.027413854,0.018589573,0.026257139,0.020654893,0.029541584,0.019422505,0.02659127,0.020574486,0.024452092,0.017092915,0.027108168,0.017841173,0.029972605,0.017473977,0.027917897,0.018783761,0.026066968,0.018932283,0.025235413,0.020466192
0.004644896,0.0050189523,0.005918589,0.0051364554,0.005307221,0.005657374,0.005976948,0.005026599,0.0037923441,0.0055771065,0.0058744205,0.004155279,0.0048958333,0.0064288354,0.0059926864,0.0052647716,0.005704787,0.005925502,0.006712506,0.004851872
0.023220502,0.026587956,0.021904403,0.023409843,0.023311265,0.026923876,0.021845175,0.023012267,0.023192426,0.02752106,0.021714179,0.023381839,0.022588335,0.02724251,0.02160087,0.023267288,0.023896324,0.027902825,0.022142636,0.023595428
0.013188864,0.013303605,0.012385408,0.012658136,0.013395166,0.013536778,0.012359301,0.012554754,0.013994905,0.015038604,0.012539659,0.012271834,0.013574589,0.01278361,0.012424801,0.012771649,0.013068059,0.013455958,0.012433545,0.012645854
0.0031353054,0.0027834515,0.0034052369,0.002430312,0.003339876,0.0025058188,0.0034218272,0.0025017755,0.0036341257,0.004621945,0.0032246986,0.0026663197,0.0037407905,0.0028207398,0.0033676035,0.0025680203,0.0031151718,0.0025953385,0.0038712637,0.0024398277
0.117550455,0.095011026,0.13136362,0.11672843,0.11938483,0.112409115,0.1309321,0.11378215,0.11373178,0.10278781,0.12975256,0.10670972,0.11611852,0.107350536,0.13048005,0.09887517,0.11951209,0.10349424,0.1356707,0.121385224
0.0016594852,0.0036011573,0.0030406616,0.0022878398,0.0027691475,0.0012170351,0.002797558,0.002058945,0.0014216277,0.0015883298,0.002013611,0.001922292,0.006343312,0.002541541,0.0020463492,0.0026049835,0.0015831307,0.000986229,0.005232701,0.0030553439
0.0049996777,0.00603695,0.003855418,0.0031398723,0.0061262157,0.0031512282,0.0037031271,0.0031535965,0.00489753,0.0035620972,0.0034967142,0.0030834416,0.008681646,0.003555667,0.003513838,0.0038804084,0.005608888,0.005466866,0.005144434,0.0043157907
0.011103493,0.009979891,0.013443659,0.012612377,0.0108012725,0.011813467,0.012854764,0.011763821,0.012420318,0.009917463,0.012441456,0.01074153,0.010179119,0.012399168,0.011988285,0.011031253,0.013536951,0.0096705565,0.015785273,0.013408914
0.030096302,0.031525385,0.036762692,0.03647636,0.03059936,0.031066786,0.036592755,0.036039602,0.030366305,0.031158363,0.03606466,0.03493706,0.031803045,0.030903464,0.036313996,0.035592422,0.029991837,0.032449912,0.03903123,0.03730912
0.0018683018,0.004068765,0.0023934129,0.004259486,0.0016630547,0.003633724,0.0020710167,0.0035036071,0.0021501817,0.0048163664,0.0024663722,0.0035031918,0.0011618999,0.0031787874,0.0023124805,0.0028973925,0.0036101036,0.004824181,0.0033827326,0.004312924
0.004013767,0.004011696,0.0035621382,0.0044507342,0.0041145375,0.0038008268,0.0033834022,0.0040666433,0.00425554,0.004969136,0.0036779009,0.0040581916,0.0035982318,0.0033371816,0.0035978954,0.003516396,0.0051207095,0.0047521214,0.0040936247,0.0045195813
0.027010908,0.029871812,0.029636567,0.030963901,0.0280811,0.028631102,0.02994087,0.031114198,0.027350405,0.030917197,0.029283186,0.030079938,0.027368736,0.029026343,0.029390324,0.030182479,0.026223604,0.034606177,0.029739257,0.03260274
0.031186165,0.031089434,0.03199174,0.03177802,0.031404935,0.031801447,0.032220338,0.0316348,0.03214842,0.030119067,0.031259418,0.031627603,0.030054862,0.032633867,0.03158709,0.031719558,0.03310668,0.03492675,0.032227725,0.033010274
0.014175722,0.012459725,0.015292236,0.013816791,0.01414678,0.013288477,0.015396599,0.013717967,0.01562477,0.013570642,0.0143979695,0.0140529545,0.013486958,0.012583145,0.0149606215,0.013921538,0.015585779,0.013095834,0.01575342,0.014448221
0.08639949,0.06984274,0.07868688,0.06624941,0.08616057,0.07310098,0.07757323,0.06561581,0.084510446,0.07043611,0.0753612,0.0662351,0.08263598,0.07163581,0.075609736,0.063669175,0.093082175,0.07128523,0.081731,0.07196024
0.068846084,0.054418676,0.07170964,0.05973895,0.07077777,0.056626357,0.069606595,0.058913287,0.07039416,0.05686272,0.06747141,0.059544817,0.06813793,0.055427533,0.06732173,0.056144748,0.068958305,0.054423865,0.07410725,0.06597876
0.07207141,0.073370196,0.06836396,0.06596692,0.07965494,0.07354573,0.0675276,0.067124136,0.08106113,0.069729134,0.067662515,0.06810891,0.08530797,0.07595485,0.06845061,0.07719563,0.06012044,0.05550458,0.06414797,0.060475413
0.021085812,0.029565232,0.018294604,0.022426171,0.022180308,0.026462836,0.019129375,0.02309119,0.024483386,0.023667224,0.020862103,0.02362988,0.027949845,0.03232144,0.020726524,0.0225898,0.021900432,0.0321273,0.017642764,0.019569783
0.05747554,0.056288786,0.057945807,0.054306433,0.058294244,0.0574602,0.05725818,0.05447384,0.058175188,0.057226196,0.056320783,0.054318905,0.056387603,0.056470107,0.056489035,0.05541242,0.058609825,0.058987103,0.058525942,0.057186663
0.009226833,0.013040649,0.0068856543,0.007096157,0.00949776,0.011757216,0.00716506,0.0074824314,0.008394963,0.008220299,0.006841002,0.006669848,0.009181268,0.012263856,0.0067254947,0.006072977,0.010091068,0.012839253,0.006660595,0.006055425
0.02081469,0.014447529,0.02082369,0.015499384,0.021286407,0.015085717,0.020376403,0.015471017,0.02169811,0.015925733,0.020445732,0.016331987,0.020529252,0.015517989,0.020540526,0.016951526,0.02069825,0.01393219,0.02083654,0.017090993
0.022529287,0.022220591,0.021148916,0.0209677,0.023771295,0.0225026,0.0210982,0.020909404,0.023616342,0.020259194,0.021035133,0.02148325,0.02474683,0.022858566,0.021089204,0.020887438,0.019820094,0.019449802,0.019879365,0.01988864
0.056773417,0.04664396,0.059001166,0.050574828,0.057503324,0.049586784,0.05789707,0.050170597,0.05667264,0.049179178,0.057314444,0.048774056,0.054709602,0.045306962,0.05803698,0.051834464,0.054887947,0.044000294,0.058690608,0.054730315
0.054901566,0.0372094,0.05873335,0.046117123,0.055789895,0.039310686,0.056758974,0.045161735,0.055667143,0.04427363,0.056044582,0.046772115,0.053246833,0.039792757,0.056880593,0.050210834,0.053021435,0.03363333,0.05938436,0.051418487
0.0035467301,0.008972042,0.005059789,0.0050936854,0.0040817824,0.008369605,0.0043641953,0.004907503,0.0045228107,0.0067025805,0.004005457,0.0045114094,0.006435475,0.0066910153,0.004239437,0.0050144093,0.004660344,0.01483776,0.0066205435,0.0071571115
0.03970724,0.028511219,0.04228311,0.03617574,0.0408631,0.030445391,0.040904593,0.035350345,0.040130153,0.031327453,0.039318133,0.035671566,0.040434074,0.0297386,0.04066032,0.03820316,0.03602734,0.023046723,0.042140428,0.03906734
