GHAR2H_M,GHAR2H_M_IV,GHAR3H_M,GHAR3H_M_IV,GHAR_M,GHAR_M_IV,GHAR_Q,GHAR_Q_IV,GNNHAR1L_M,GNNHAR1L_M_IV,GNNHAR1L_Q,GNNHAR1L_Q_IV,GNNHAR2L_M,GNNHAR2L_M_IV,GNNHAR2L_Q,GNNHAR2L_Q_IV,GNNHAR3L_M,GNNHAR3L_M_IV,GNNHAR3L_Q,GNNHAR3L_Q_IV,GNNHAR4L_M,GNNHAR4L_M_IV,GNNHAR4L_Q,GNNHAR4L_Q_IV,GNNHAR5L_M,GNNHAR5L_M_IV,GNNHAR5L_Q,GNNHAR5L_Q_IV,HAR_M,HAR_M_IV,HAR_Q,HAR_Q_IV
0.008614285,0.008451988,0.008625172,0.008450675,0.008575482,0.008568213,0.008749645,0.008601788,0.008649885,0.0086300215,0.009082623,0.008637877,0.0087056635,0.009338589,0.009022111,0.008769589,0.009140155,0.009155014,0.0088535445,0.008979226,0.008794082,0.0127377985,0.008929271,0.008968101,0.008814192,0.0101839695,0.008946544,0.008906982,0.008669099,0.0085644815,0.008878238,0.008280806
0.0062964996,0.007256205,0.006418091,0.007243738,0.0063911323,0.0072652483,0.0066886838,0.006677996,0.006255375,0.0069171386,0.0069118002,0.006684408,0.0059064142,0.0067280596,0.0068178126,0.0067499694,0.005828277,0.0078374725,0.0064315205,0.0065556215,0.0060237753,0.007916727,0.0063655702,0.0068537886,0.005894817,0.007911937,0.006230725,0.006814134,0.006548857,0.007326417,0.0065493924,0.006354201
0.0050922106,0.007402834,0.0052147526,0.0074264845,0.0049264734,0.0073223007,0.0041716453,0.0052150604,0.004665499,0.0067790155,0.0040585077,0.0052867485,0.004805971,0.0060554626,0.004130373,0.0052269697,0.0045731906,0.006156336,0.004068706,0.0051627015,0.004687612,0.006363316,0.004138573,0.0051931525,0.0061144503,0.0064117135,0.004182184,0.0050961617,0.0053092767,0.0075598196,0.004192473,0.0057352325
0.005785486,0.008307293,0.0059214304,0.008353155,0.005815988,0.008236208,0.0053669764,0.006489531,0.0057350304,0.008089541,0.005363104,0.006568915,0.0057078353,0.007693106,0.005434669,0.0066128406,0.0056171613,0.008017746,0.005340697,0.006660202,0.005595663,0.008307363,0.005298017,0.006620365,0.0064143036,0.008388529,0.0052779415,0.0065543745,0.0064186524,0.00850782,0.0053987894,0.006683757
0.0059867324,0.007413698,0.006244117,0.00741456,0.005948141,0.007326129,0.0051458157,0.005436883,0.005725326,0.0068571605,0.0050497814,0.0055065313,0.005659867,0.005801346,0.005075347,0.005417858,0.0054275556,0.0057717036,0.0050749113,0.005340178,0.00558779,0.0056624925,0.0051027457,0.00535038,0.0063789636,0.0057507805,0.0051275454,0.005276469,0.0063140774,0.007588038,0.005174439,0.005964761
0.018843064,0.019259742,0.018895227,0.019268913,0.018457955,0.019190565,0.01664224,0.016163098,0.01770744,0.017778777,0.016158601,0.016124343,0.017729422,0.0163868,0.01600574,0.015593763,0.016904538,0.015443029,0.016304584,0.015736394,0.017472563,0.015124859,0.016415482,0.01531293,0.018651256,0.014456814,0.016568927,0.015241582,0.018938543,0.019535609,0.016566936,0.017452495
0.026203685,0.028227875,0.026934693,0.028104722,0.026729153,0.028387148,0.028129222,0.02774725,0.027827457,0.030354327,0.029090017,0.02797275,0.02688186,0.029584225,0.029710002,0.029673088,0.028090702,0.033329967,0.028518153,0.028180433,0.028443415,0.03142322,0.02844873,0.029133089,0.024491929,0.034241453,0.027847316,0.030649837,0.02707211,0.02841874,0.028656567,0.026192429
0.0175287,0.021561079,0.017505117,0.021602998,0.017536027,0.02151619,0.016415248,0.018282382,0.017058153,0.019776516,0.016097344,0.01820962,0.016547369,0.01886791,0.015915079,0.017533336,0.016023345,0.018241072,0.016144432,0.018251088,0.016305717,0.01835977,0.016213775,0.017845426,0.016892549,0.018175026,0.016332237,0.017473977,0.016544923,0.022056716,0.016101118,0.019286029
0.027805176,0.029573789,0.02802517,0.029550921,0.02777543,0.02953866,0.027416334,0.027744897,0.027389197,0.027995257,0.027300514,0.027689263,0.027424263,0.027688717,0.027293174,0.02740259,0.027046276,0.027037473,0.027392514,0.02775947,0.027023666,0.027458495,0.027414205,0.02755589,0.02778103,0.027235648,0.027482405,0.027310692,0.027366774,0.029897014,0.027318422,0.028568944
0.008453159,0.00948541,0.00853014,0.009452092,0.008471231,0.00944909,0.008125267,0.008124061,0.008274607,0.009155584,0.008105745,0.008197611,0.0083909575,0.008324753,0.008129551,0.007951595,0.008120585,0.00792558,0.008104931,0.008253277,0.008105385,0.008129425,0.008098851,0.008089609,0.008344783,0.008014916,0.008101309,0.007910371,0.009101421,0.009778992,0.008163703,0.008613109
0.008408254,0.010289647,0.008514529,0.010255415,0.008322781,0.010323417,0.0074999095,0.008465835,0.007940435,0.009780384,0.007370963,0.008467023,0.008097751,0.009361055,0.007370045,0.008232185,0.0076179244,0.008858436,0.0074870116,0.008655726,0.0075868187,0.008867278,0.007500743,0.008328947,0.0075872075,0.008854342,0.007516181,0.0081346,0.008414184,0.010798248,0.007476209,0.009038874
0.07684371,0.06478593,0.07631098,0.064773105,0.07670444,0.064783275,0.07089991,0.06103892,0.076817006,0.06484881,0.07136951,0.060491476,0.07620675,0.064760976,0.0711574,0.060479406,0.07719421,0.06492486,0.07109216,0.0604312,0.0771458,0.06475913,0.0712124,0.06025772,0.07740523,0.06509823,0.07129951,0.061018273,0.070903026,0.06604997,0.06991061,0.061936967
0.097073704,0.08821064,0.09621463,0.0882688,0.09556964,0.08873927,0.09979443,0.09235586,0.09780959,0.089222156,0.10138483,0.09198348,0.09808139,0.08926396,0.101235084,0.09052834,0.10167978,0.09030032,0.10083488,0.08866026,0.10097034,0.0903067,0.10075081,0.09002067,0.1034588,0.091201685,0.101018675,0.09100035,0.096908025,0.088274464,0.10098659,0.08960868
0.027893417,0.025974995,0.027823366,0.025873022,0.027804779,0.026102422,0.026893526,0.025430916,0.02736549,0.025319243,0.026693536,0.025152536,0.026979955,0.025822246,0.026647324,0.025144698,0.02726384,0.025019847,0.026851498,0.02612923,0.026569907,0.02454719,0.026874755,0.025448862,0.026303696,0.025099136,0.02675833,0.025118215,0.025893405,0.027118348,0.026421573,0.02632109
0.00754945,0.0063507073,0.007821157,0.0062280814,0.0072772843,0.006503599,0.005784818,0.0056965128,0.006923381,0.006134886,0.005588876,0.005620455,0.007158811,0.007059809,0.0056939176,0.005951068,0.0065254522,0.006176029,0.005779142,0.006825218,0.006624513,0.005287376,0.0058346293,0.0061070146,0.0062363776,0.0059549664,0.005780157,0.0055572214,0.007387474,0.007567444,0.005613255,0.006586845
0.015090569,0.016113667,0.015017248,0.016107323,0.014794121,0.016195443,0.013944981,0.015246298,0.014230098,0.01615931,0.013721396,0.015099445,0.014388968,0.017490687,0.013842361,0.01565974,0.013768686,0.016561545,0.0139474375,0.016633645,0.013977711,0.015348711,0.014025523,0.015841221,0.01354858,0.016217628,0.013996376,0.015193695,0.013851484,0.017735327,0.013724415,0.016276132
0.019754628,0.015199517,0.019797543,0.015185749,0.019805185,0.015202957,0.01883195,0.015639475,0.019638618,0.016036859,0.018944636,0.015570305,0.019550217,0.016430482,0.018755011,0.015781637,0.019434717,0.015157632,0.018669475,0.016404225,0.01948537,0.015334074,0.01871111,0.015807701,0.01984962,0.015217347,0.018725207,0.0155315325,0.019173512,0.016210895,0.018444762,0.016350536
0.010950993,0.011043195,0.010997992,0.010989175,0.010531255,0.011229648,0.009715635,0.01036971,0.010432066,0.010336734,0.009534607,0.010495282,0.010712075,0.013139853,0.0096797515,0.01151012,0.010043827,0.010247685,0.009878403,0.012290062,0.009881093,0.012360313,0.00987225,0.011868838,0.011051329,0.010726546,0.009968088,0.010859826,0.010497277,0.012850697,0.009624089,0.0121699665
0.04195926,0.03862471,0.041925382,0.038695887,0.042890422,0.038413797,0.045942463,0.040296912,0.04296763,0.047502723,0.04726717,0.040152363,0.042612538,0.03361467,0.046888188,0.0373563,0.0455543,0.039969034,0.045639,0.03581718,0.046812434,0.033779416,0.045607094,0.036240395,0.044473413,0.03845096,0.045362715,0.03875912,0.044281185,0.03503184,0.046509907,0.036102325
0.024317684,0.022462578,0.024550883,0.022611592,0.025147585,0.022116508,0.02762924,0.023628317,0.026247354,0.028060744,0.028634124,0.02361873,0.025850752,0.019625343,0.02822035,0.021785516,0.027611157,0.022871366,0.027867317,0.020816077,0.027245197,0.020994319,0.02759165,0.020922063,0.028942768,0.02227494,0.027843231,0.022669835,0.026856408,0.019956945,0.028462254,0.021018166
0.002504451,0.00294235,0.0025627285,0.0029810404,0.0025092468,0.0029041676,0.0026843534,0.0026940436,0.0025701588,0.005511057,0.002916594,0.0026842551,0.0025682684,0.0027761264,0.0026654294,0.0025299015,0.0027652534,0.0032076116,0.002604871,0.002513727,0.0027564187,0.002914726,0.002612676,0.0024897594,0.0028446035,0.0030729522,0.002715192,0.0025208744,0.002809801,0.003091862,0.0028274858,0.0023865332
0.00514174,0.004301353,0.0053762826,0.0042490577,0.0049194763,0.0044811782,0.0041104215,0.0036980582,0.004853627,0.005215561,0.004039441,0.0036493973,0.0049713654,0.0045104735,0.0041082,0.0037452807,0.004598391,0.0043483474,0.0041409405,0.004308915,0.0046984456,0.003930765,0.0041422057,0.0040393374,0.00466576,0.004140234,0.004096308,0.0037824204,0.0049037384,0.004968131,0.0040178797,0.004057942
0.012944396,0.012139194,0.012543064,0.012163632,0.012988219,0.0121227335,0.013502823,0.011973236,0.01298928,0.013241095,0.013441833,0.011998145,0.013567888,0.014238879,0.013566539,0.012133886,0.013302601,0.01168213,0.013740975,0.011536206,0.013216844,0.011956016,0.013590962,0.011512186,0.013307632,0.012210544,0.013667099,0.011657438,0.012941067,0.011554525,0.01389842,0.011893617
0.016820941,0.014864117,0.017020436,0.014831644,0.016789084,0.014886657,0.016419241,0.01493585,0.016658295,0.015088661,0.016436698,0.014923399,0.016841035,0.016267158,0.01644186,0.0149331195,0.016823374,0.014099036,0.016414199,0.014783761,0.016870989,0.01465056,0.016535971,0.014886118,0.016887462,0.014672502,0.016455332,0.014782046,0.017000427,0.014902817,0.016369017,0.015117462
0.0049067093,0.0049168435,0.004969593,0.0049266005,0.004876505,0.00496016,0.0046067066,0.0046681245,0.00491005,0.005338358,0.0045880578,0.0046678428,0.0050786077,0.0062437174,0.004653463,0.0047722817,0.0049464884,0.0051586656,0.0046210275,0.004612869,0.004911415,0.0053394274,0.004604434,0.004623311,0.0049374104,0.0050405553,0.00461057,0.0046331175,0.0048864502,0.004851522,0.004596786,0.0046509807
0.0050272285,0.0044593667,0.005097612,0.0044795787,0.004899059,0.004433481,0.0047080177,0.004709155,0.004843104,0.0046357494,0.004714091,0.0047338125,0.004994031,0.0055878083,0.0046921116,0.004764955,0.004967759,0.0045881784,0.004707191,0.0047769113,0.0050237062,0.0045485287,0.00475633,0.004865294,0.0050183716,0.0044771186,0.004728912,0.004743165,0.005404729,0.004436042,0.004781109,0.0046537775
0.0026005362,0.0038924376,0.0027817397,0.003937086,0.0025161584,0.003885818,0.0025021033,0.0032886935,0.0025684754,0.0040888404,0.002491921,0.003334631,0.0028108843,0.0050873533,0.0025456515,0.0035084854,0.0026273937,0.0035924886,0.0024915764,0.0034777005,0.0026695873,0.0039252015,0.0024503025,0.0033730923,0.002662605,0.003887589,0.002479071,0.0033283602,0.0033477664,0.003650377,0.002816964,0.003046092
0.004486235,0.00499851,0.004581867,0.0049840068,0.0044918363,0.0051205144,0.004252743,0.004466603,0.0045715556,0.005610935,0.004224885,0.0044862414,0.0048209075,0.006664495,0.004234881,0.004442376,0.0045428537,0.0044485093,0.0042271586,0.004189804,0.0044974284,0.0047337525,0.004212347,0.0040280516,0.0044754324,0.0045920126,0.0042128405,0.0041195536,0.0044162786,0.004250791,0.004230574,0.0042070793
0.011218223,0.009499106,0.011384406,0.009427109,0.010957202,0.009708001,0.010436177,0.009277646,0.010739917,0.00913064,0.010529672,0.009183478,0.010225415,0.008604156,0.0106519,0.009148079,0.010960721,0.009863382,0.010626739,0.009632345,0.011207462,0.009265838,0.010742359,0.009872455,0.010981881,0.009347378,0.010596429,0.009584149,0.010951661,0.010430053,0.010239013,0.009692472
0.025985071,0.024845302,0.025771854,0.024939647,0.02573497,0.024816414,0.02610832,0.025998037,0.025995072,0.025815893,0.02596595,0.025997456,0.027380435,0.028340867,0.026273547,0.026659032,0.026478978,0.024900615,0.026322385,0.026000688,0.026390206,0.026617972,0.026188677,0.025333682,0.026418366,0.025775034,0.026417062,0.02562689,0.026775753,0.024216348,0.026557574,0.025585117
0.013794718,0.012978064,0.0139188,0.012972549,0.013590487,0.013037489,0.013613639,0.012993703,0.013492443,0.013212158,0.013652762,0.013019713,0.013640091,0.013507597,0.013757484,0.013036737,0.013738406,0.012922953,0.013753215,0.012947885,0.0140128415,0.0129434,0.0138195045,0.012960146,0.013873923,0.013008225,0.013776421,0.012975145,0.0140652945,0.013354765,0.013729099,0.013093556
0.0055667437,0.0037989721,0.0055646463,0.0037903655,0.005244104,0.0038415783,0.0049101585,0.0037397435,0.005172069,0.0041798945,0.004929709,0.0037016214,0.0053396947,0.0044378974,0.005081394,0.0036953453,0.005518557,0.0040343464,0.0050875563,0.0036354852,0.005659633,0.0039014162,0.005174202,0.0036598418,0.0055433786,0.0039098314,0.005129924,0.003702934,0.005381393,0.0039390377,0.004903763,0.0038551602
0.0052657994,0.005050527,0.0053512775,0.005018376,0.0049855825,0.005144003,0.0044513205,0.004537264,0.004929385,0.0051309196,0.004506833,0.0045026946,0.0050559225,0.005033485,0.0047539314,0.0045338646,0.0052786726,0.0049746637,0.004757255,0.0045611793,0.0054559316,0.005065171,0.0047837812,0.0045352075,0.005205001,0.004905554,0.004767321,0.00462378,0.0049638445,0.005122782,0.004312636,0.004564508
0.02611003,0.024006644,0.026234496,0.023993168,0.025781427,0.024048418,0.02599101,0.023840737,0.025599636,0.023731,0.026096532,0.02384367,0.025793908,0.023589592,0.02629795,0.023812456,0.025930623,0.023846306,0.026271764,0.024045892,0.026289929,0.024269717,0.026320336,0.023834849,0.026050048,0.023565317,0.026307724,0.024019614,0.026325304,0.024359632,0.026180943,0.023952756
0.03416465,0.034365676,0.034333315,0.03437255,0.034269135,0.03443362,0.03512959,0.034646202,0.034518663,0.035307687,0.035075735,0.03470046,0.03444712,0.036254127,0.03504522,0.03503227,0.03403725,0.035177235,0.034995023,0.034416817,0.034093935,0.038208492,0.03471474,0.034806937,0.034045868,0.036741655,0.03498664,0.034623522,0.035468217,0.034282748,0.035844184,0.034123998
0.014701908,0.016964702,0.014768388,0.017068155,0.014652752,0.016957171,0.014136908,0.014255961,0.014677868,0.017123843,0.014160946,0.014298877,0.014604977,0.018126195,0.014085641,0.014250966,0.014905966,0.018358046,0.01410376,0.014064814,0.014796216,0.016319824,0.014154805,0.014172445,0.014558153,0.018708356,0.014112331,0.014234869,0.014829845,0.017634345,0.014289915,0.014305851
0.002706563,0.0043663653,0.0027880853,0.0044730916,0.002560423,0.004308699,0.0018495701,0.0015196905,0.0024585947,0.0040888223,0.0019276063,0.0014964237,0.0023147825,0.004439528,0.001746179,0.0014633215,0.00302776,0.004600876,0.0017633294,0.0016057478,0.0028971604,0.0042011817,0.001983885,0.0014739508,0.0026468392,0.004785484,0.001741915,0.0015032409,0.0026896473,0.005053739,0.0018990027,0.0017072997
0.0036361662,0.0047897114,0.003868137,0.0048315525,0.003455821,0.004806944,0.003083918,0.0027852752,0.0033517617,0.004710863,0.00314592,0.002768151,0.003447437,0.004863207,0.0029867035,0.0027459585,0.003881854,0.0048937863,0.002992469,0.0028672519,0.003853304,0.0065694666,0.003158268,0.0028113192,0.0037754264,0.005304402,0.002982987,0.0028070644,0.0044445926,0.0052056103,0.0033654014,0.0027228254
0.010773791,0.0110334065,0.010945785,0.011078869,0.010557789,0.011033829,0.010755133,0.009646916,0.010375065,0.010973901,0.010835902,0.009660792,0.010346038,0.010872357,0.010593451,0.009585461,0.010749949,0.011066275,0.010661622,0.009727397,0.010742164,0.012762325,0.010836591,0.009670454,0.010815269,0.011161253,0.010636555,0.009616316,0.011579384,0.01158539,0.011078142,0.009693513
0.009890469,0.009513648,0.010063947,0.009540905,0.0097178025,0.009519969,0.009907213,0.008677707,0.00967097,0.009579875,0.009949803,0.008692132,0.01002825,0.01094746,0.009895263,0.008959127,0.009887995,0.0126378415,0.009903473,0.008789755,0.01000057,0.01050087,0.009963921,0.008797329,0.010150446,0.010795333,0.009901123,0.008840216,0.01114356,0.009921242,0.010316645,0.00859428
0.03580615,0.032392815,0.036383882,0.032379497,0.035282835,0.0324023,0.035333708,0.030983733,0.034550585,0.031388562,0.03560391,0.030998828,0.033882756,0.02923269,0.034880795,0.030321065,0.034695815,0.029700996,0.035179537,0.0308133,0.035193633,0.02947074,0.035628427,0.03116658,0.035173252,0.0298517,0.035107907,0.030424155,0.036975294,0.033655453,0.03558557,0.031478304
0.039254382,0.035705622,0.03833929,0.035743162,0.039440118,0.036098592,0.038829327,0.035447806,0.040925983,0.038949836,0.038626622,0.035234958,0.039489284,0.039589413,0.039074235,0.03615597,0.038584076,0.039470345,0.039165962,0.035763312,0.03884641,0.040915616,0.038580373,0.035170157,0.039460354,0.041035134,0.038874086,0.035648067,0.039568003,0.035583034,0.039208442,0.034363754
0.00875511,0.009342488,0.009017158,0.009408639,0.008446847,0.009343682,0.0075979703,0.007432652,0.008534805,0.009923274,0.0076327114,0.007449729,0.008857534,0.010323176,0.0075664087,0.0077037234,0.008842635,0.010409004,0.007517048,0.0075879227,0.0088610295,0.011131106,0.007611411,0.007560557,0.008956716,0.01096947,0.00755284,0.007615439,0.009915748,0.009810553,0.00782089,0.007372061
0.022333423,0.02346749,0.022700593,0.023425978,0.022372318,0.0236713,0.02329027,0.023108616,0.023252519,0.026693847,0.023169743,0.02324218,0.022930237,0.027825002,0.023478448,0.024019608,0.023087407,0.024405481,0.023533192,0.023461537,0.023119617,0.029624673,0.023091707,0.023230094,0.022974813,0.028101528,0.02341819,0.023720521,0.024307378,0.022784522,0.024247227,0.021987831
0.032004196,0.031333406,0.03202967,0.031399254,0.03160365,0.031419404,0.030155232,0.028865088,0.031428475,0.032154705,0.030284153,0.028957933,0.03201329,0.031130042,0.030061292,0.02858057,0.031219436,0.032256484,0.030086687,0.028432786,0.031355493,0.031680264,0.030117473,0.02873697,0.03145096,0.03098142,0.030108241,0.028817317,0.03133127,0.032114528,0.029941618,0.02915095
0.0032159234,0.0032055168,0.0036991849,0.0032545158,0.0030198332,0.0031804214,0.0021018537,0.0021809011,0.0028298635,0.0034724893,0.0021952745,0.0022341877,0.0030350292,0.0031991228,0.002108519,0.002192065,0.0028208585,0.003884516,0.0021097031,0.0021991325,0.003050038,0.003626585,0.0021460725,0.0022539373,0.0035059243,0.0032708999,0.0020420891,0.002354589,0.0044869077,0.0035552166,0.0021682729,0.0022505862
0.0648937,0.058618844,0.06492788,0.058609422,0.06463276,0.05868529,0.064153254,0.058955446,0.06497532,0.059923183,0.063903056,0.058785375,0.06531934,0.05989662,0.06477513,0.05905404,0.066856824,0.059446014,0.06458536,0.059357665,0.065666676,0.059263084,0.06449326,0.0588107,0.06499676,0.05864472,0.0647394,0.05851332,0.064474486,0.058407083,0.063999176,0.059012596
0.013683461,0.015986422,0.013475383,0.016140522,0.013464186,0.01611761,0.012849434,0.012991695,0.013244857,0.016792772,0.012875295,0.013045674,0.014001067,0.017174803,0.012774483,0.012530779,0.014835348,0.016942121,0.013088335,0.012781929,0.013282092,0.016603528,0.013159069,0.012749331,0.0149701005,0.014992969,0.013094576,0.012686681,0.011746855,0.015884671,0.012745442,0.012837327
0.008509903,0.008530994,0.009124111,0.008523374,0.007791345,0.008615064,0.0066090375,0.007361315,0.0075685442,0.008346541,0.0067658043,0.007449517,0.008696321,0.008876923,0.007159398,0.0073335906,0.009379052,0.009271795,0.0071235215,0.0072406624,0.008138245,0.009057529,0.0074305036,0.007493589,0.011263589,0.008259661,0.0067860465,0.007531123,0.008647515,0.008773859,0.006585476,0.0074137906
0.026876062,0.025443455,0.027295036,0.02544617,0.026297376,0.025502352,0.025905704,0.025252525,0.026151542,0.0253154,0.026056955,0.02534367,0.026759831,0.025732491,0.026037997,0.025077716,0.026941724,0.026287744,0.026168862,0.025044594,0.026462922,0.025501953,0.02636552,0.025202237,0.02981869,0.025142541,0.025873054,0.025306135,0.027852688,0.025395,0.026124889,0.025135523
0.0045526554,0.0048489426,0.0049565323,0.0048846793,0.004236714,0.004891228,0.0032159667,0.0038506985,0.0043011447,0.0046218582,0.0032950195,0.0038967186,0.004256398,0.004816658,0.0031850862,0.0037222917,0.003959057,0.005604085,0.00309444,0.0037954967,0.004109287,0.005482996,0.0031603025,0.0037780765,0.004143935,0.004705877,0.0030934522,0.0038579807,0.00498643,0.0051133083,0.0031805288,0.0038879232
0.0031422572,0.003905891,0.0033489636,0.003933744,0.0031971787,0.004004287,0.0027291998,0.0031537197,0.0033500772,0.0041285018,0.0026887236,0.003155601,0.0031419129,0.0037337097,0.002805867,0.0031300064,0.0031755574,0.004914725,0.002817737,0.003103213,0.003235614,0.00495765,0.002766418,0.0031671734,0.0035944562,0.0044294884,0.0027850238,0.0031461597,0.0036981578,0.0038049535,0.002752764,0.003052502
0.022252565,0.022465711,0.022831252,0.022496145,0.022098824,0.022497524,0.020054711,0.020681394,0.022038104,0.0223814,0.020058276,0.020707319,0.022051223,0.023431791,0.020096878,0.02063917,0.02188644,0.023147982,0.020054528,0.020629901,0.022194173,0.022722555,0.020042386,0.020614754,0.022198247,0.022822184,0.020059658,0.020664223,0.023104113,0.022600174,0.020006295,0.020557847
0.005515287,0.0061064777,0.006106717,0.006070007,0.005239066,0.006156933,0.004213776,0.004959337,0.0052530267,0.0058107832,0.0042835106,0.0050230576,0.005367753,0.007462237,0.004193809,0.004892048,0.0051736007,0.0064965147,0.0041272524,0.004992264,0.005185182,0.006162666,0.0041709547,0.0048390534,0.0050864783,0.005931529,0.0041058483,0.004949212,0.0061500883,0.0059528127,0.0041722897,0.0049314536
0.025450641,0.025619462,0.02629351,0.025492422,0.024131877,0.025707433,0.0225538,0.024355121,0.023409894,0.022681765,0.02296781,0.024570363,0.024966631,0.02919545,0.022622578,0.023525076,0.023619805,0.024026787,0.022471815,0.024619484,0.024065379,0.023938667,0.02271268,0.02350835,0.024718715,0.021365386,0.022453628,0.024196945,0.024835853,0.025516229,0.022143105,0.02433516
0.0031238624,0.0058127525,0.0038600676,0.005749696,0.0023873507,0.0058240457,0.0017254851,0.0041827513,0.0020888965,0.0039563216,0.001878196,0.0043219235,0.0028334528,0.011740733,0.0017383937,0.0038738854,0.0020120419,0.0053738463,0.0016929829,0.004675092,0.0025010488,0.0038101908,0.0018146484,0.0037862926,0.0024154277,0.0036689488,0.0017200315,0.004036475,0.0034316229,0.00541498,0.0017079678,0.0043329666
0.005427427,0.006889398,0.006322808,0.0068349433,0.0051384666,0.006879383,0.004631445,0.005803783,0.0051319376,0.0060737147,0.0046461388,0.005915993,0.005201557,0.011114907,0.004714117,0.0058529493,0.0050481255,0.006452533,0.0046628034,0.0060880366,0.005414782,0.006415341,0.004640481,0.0056939363,0.0053078737,0.0066335504,0.004577972,0.00586964,0.0073605436,0.0064206608,0.0049417964,0.0058531435
0.007775028,0.009545638,0.007921468,0.00959909,0.007368321,0.009522022,0.00678282,0.0077612703,0.0072165583,0.007886297,0.0068036974,0.007792756,0.0075243907,0.014423044,0.0067726714,0.0072953687,0.0071763746,0.009126998,0.0068077687,0.008349895,0.007427256,0.007685581,0.006827361,0.0073696245,0.0074877897,0.0078412155,0.0068865544,0.00764308,0.007696677,0.009356585,0.006730102,0.007918226
0.0034082236,0.0051051327,0.0038118558,0.0051225135,0.0029475559,0.0050333305,0.002329761,0.00343574,0.0028496156,0.0037281318,0.0023464004,0.003475467,0.003249885,0.00972036,0.0023872328,0.0032475505,0.002943622,0.0049175117,0.0024248662,0.004281028,0.0031245789,0.0035865451,0.0024221258,0.0032265133,0.0033141205,0.0037191818,0.002434952,0.0035369606,0.0036606316,0.0047447067,0.0024092263,0.0034962762
0.005942383,0.007822749,0.006133292,0.007882785,0.0057586967,0.007812217,0.0052915877,0.006754997,0.0057076123,0.00759195,0.0052891197,0.0068127466,0.005728913,0.014532117,0.0051691676,0.006544801,0.005663189,0.007946086,0.005296707,0.007039787,0.0057587805,0.00747207,0.0052083977,0.006652198,0.0057750717,0.0074593653,0.005272898,0.007072344,0.0067364722,0.0076245293,0.0054110354,0.006614828
0.024494998,0.02333842,0.025012955,0.023344234,0.024332123,0.023150977,0.023297118,0.021785388,0.02447112,0.022805499,0.023195717,0.021800278,0.024647724,0.02934137,0.023446973,0.022031197,0.024452345,0.023461489,0.023294367,0.022181442,0.024270734,0.022726914,0.023305269,0.021710977,0.02420093,0.022797778,0.023412988,0.021838443,0.023402091,0.023133827,0.02304101,0.021937937
0.023715148,0.020263508,0.024199078,0.020222118,0.023878535,0.020183979,0.023236463,0.019732634,0.024202066,0.020108674,0.023067972,0.019769328,0.024173098,0.025071407,0.023377262,0.019783378,0.024226246,0.020637292,0.023315696,0.019883938,0.023900572,0.019704027,0.02325358,0.01971004,0.023673251,0.019788349,0.023397285,0.019707775,0.02326973,0.02012591,0.022942478,0.02011602
0.0054755537,0.008667837,0.0063473326,0.008636706,0.0049876003,0.008528987,0.0043497323,0.006207985,0.004861186,0.0067808665,0.004372039,0.0062738266,0.005281633,0.014238643,0.0044986457,0.006360692,0.0048980294,0.008614177,0.0043442994,0.006909698,0.0051524364,0.0065363646,0.00446875,0.0060788826,0.0050415574,0.0062405197,0.0043595294,0.006412691,0.0061186603,0.008292492,0.0044756145,0.006289068
0.017001128,0.019343691,0.018164955,0.019311287,0.016136019,0.019144021,0.015275494,0.016443912,0.015989892,0.01604813,0.015366654,0.016455853,0.016650906,0.025346996,0.015405632,0.016889952,0.015982166,0.01913072,0.015348621,0.017606279,0.016334655,0.016488507,0.015488228,0.016270228,0.0163549,0.015889708,0.015266384,0.016730484,0.017051367,0.019520542,0.015275891,0.016704075
0.047196504,0.046957057,0.048296724,0.04693221,0.046787955,0.046735097,0.04584293,0.045341905,0.046815798,0.04546462,0.045818277,0.045352295,0.04695414,0.05168888,0.04586936,0.04546816,0.047300894,0.045707855,0.0459636,0.04641641,0.046996735,0.045005757,0.04595909,0.045239124,0.046719637,0.044652123,0.04601985,0.045350987,0.047021143,0.047072463,0.0457261,0.04556418
0.006528824,0.010041814,0.006911478,0.010090876,0.00640025,0.009898662,0.004630775,0.006470269,0.006898022,0.0061535495,0.004704816,0.006371129,0.0058296695,0.010624698,0.0045454176,0.0067726453,0.008742197,0.014350631,0.0049842647,0.014173314,0.006183732,0.006523398,0.0051670666,0.0065639685,0.009422457,0.005473496,0.004688442,0.0075629503,0.0059897965,0.009081735,0.0044156075,0.0063893413
0.008666687,0.014895919,0.009319357,0.014905544,0.00840054,0.014740184,0.006795849,0.009808789,0.009604354,0.012885812,0.006703784,0.009557708,0.00962088,0.017719297,0.0067046317,0.0096761,0.009518196,0.013570427,0.0071675004,0.011838443,0.00972204,0.013062938,0.0068637184,0.010120813,0.010037763,0.011585592,0.006849986,0.009486465,0.009362752,0.013937956,0.006939469,0.010197816
0.013745623,0.018458506,0.013331448,0.018745428,0.0132239,0.018210718,0.0120964525,0.013260077,0.014225226,0.015434491,0.011897555,0.012438584,0.014362025,0.023637138,0.012082953,0.012924346,0.014600775,0.016778948,0.012935776,0.015043751,0.014801985,0.01562766,0.0124851465,0.0136790555,0.015038707,0.013426239,0.012361616,0.012829192,0.012029462,0.017132727,0.011750123,0.014099172
0.027231706,0.023997221,0.027058555,0.024129802,0.0278653,0.02407359,0.031121688,0.026820473,0.026788285,0.024451213,0.032192193,0.027670423,0.026186204,0.02554358,0.03150473,0.026560076,0.026437348,0.024826113,0.029925425,0.025511542,0.026233343,0.025317868,0.030579777,0.025720814,0.026628815,0.025244419,0.030933784,0.02685306,0.03000044,0.024324108,0.032524485,0.025939679
0.019391682,0.022278294,0.019436331,0.022581331,0.019430805,0.022230385,0.01690959,0.017341958,0.019231787,0.019362174,0.017210266,0.017195525,0.0183898,0.028246053,0.015723288,0.016945468,0.018565586,0.018554794,0.015921684,0.018407233,0.018559566,0.019995414,0.015811741,0.01715912,0.018419052,0.019162692,0.015973393,0.016949661,0.019422194,0.021018365,0.016305594,0.01710849
0.028126195,0.027978886,0.027770862,0.028213503,0.028778326,0.02790667,0.02950977,0.024713222,0.028452152,0.028532194,0.029759122,0.025445286,0.026172077,0.025245368,0.029286427,0.025342606,0.026686957,0.026897023,0.02888702,0.026342906,0.025976868,0.026438124,0.028670343,0.024433885,0.025971264,0.027150026,0.028671501,0.024613066,0.024705011,0.02801281,0.029407328,0.024544781
0.007129165,0.013602608,0.0073149754,0.013707423,0.0073492997,0.013491054,0.007162397,0.009283519,0.008251486,0.013790344,0.0071569104,0.009518898,0.0072501637,0.012150915,0.0068761897,0.009200627,0.007818429,0.0102352295,0.006932856,0.011669172,0.0077158003,0.010857962,0.0069853803,0.009629347,0.0073462687,0.011884282,0.007073422,0.009464125,0.007496044,0.012242011,0.0073566544,0.009355587
0.0049969456,0.01113332,0.005267316,0.01119883,0.005091371,0.01103404,0.004727982,0.0069741835,0.005600146,0.011125926,0.004871003,0.0071283737,0.0051619653,0.009929319,0.0046974067,0.006858814,0.0054830103,0.008557539,0.0045924266,0.008415131,0.005492678,0.009103211,0.0046417974,0.0071776123,0.005266547,0.009570922,0.0047159744,0.007029962,0.0056319344,0.010353978,0.0049925935,0.0070433235
0.0067068967,0.014886306,0.006687569,0.0150806345,0.006612178,0.014696282,0.005236239,0.007858502,0.007354305,0.0140865715,0.0052369307,0.007734985,0.00699968,0.014500738,0.0052149557,0.007971761,0.007365249,0.011237853,0.0052705808,0.008990533,0.0074236616,0.011126595,0.0052530137,0.008218611,0.006968767,0.010593248,0.0052385605,0.0076670228,0.0064838445,0.013489194,0.0051813177,0.008194516
0.008852266,0.013603859,0.009173184,0.013647183,0.008928834,0.013544389,0.008364793,0.009789075,0.00947768,0.013521496,0.0084728915,0.009862874,0.009168721,0.011880739,0.008345059,0.0096524535,0.009399316,0.011207204,0.00823552,0.01102983,0.009399114,0.01152299,0.008270721,0.00996292,0.009113606,0.012127944,0.0083294725,0.009779099,0.009545326,0.012813435,0.008546988,0.009920724
0.029963788,0.029104857,0.029461298,0.029254572,0.030316463,0.029091064,0.031737007,0.029343354,0.02988994,0.028728632,0.03213467,0.029512625,0.028843176,0.028657148,0.03206725,0.029149797,0.029869696,0.02917945,0.03186214,0.028954647,0.029600825,0.029508693,0.031705055,0.029170796,0.029892754,0.02900739,0.031844344,0.029760703,0.030576907,0.029045723,0.032073613,0.029222222
0.03635408,0.029609418,0.03686621,0.029488716,0.036841936,0.029681752,0.03707516,0.030970646,0.036452837,0.030221615,0.03768744,0.03125028,0.036095876,0.032019407,0.03758037,0.03154953,0.03564253,0.030889118,0.03669952,0.030003099,0.035694715,0.030766109,0.03678255,0.031228207,0.036237054,0.030549547,0.03684449,0.03136482,0.03781893,0.030221965,0.03726463,0.03056833
0.007799885,0.010168943,0.007616207,0.010242342,0.007743175,0.010258661,0.0066917976,0.0076305694,0.008542792,0.010608709,0.0065322355,0.0073965564,0.008205192,0.008772352,0.006623495,0.00717994,0.00848704,0.008364023,0.006881198,0.008681493,0.00844217,0.007576619,0.00674753,0.0073154536,0.007968954,0.008336011,0.006682713,0.0074874125,0.00670656,0.009949826,0.0063219215,0.008110814
0.0024924292,0.0061537996,0.002539327,0.0061625424,0.0025085695,0.006284775,0.0018498478,0.0038564848,0.0031471986,0.006904953,0.0018564279,0.0038145126,0.0028134086,0.0058182767,0.0017574541,0.0035646367,0.003048374,0.005405126,0.0018564856,0.004216236,0.0030399796,0.0048735994,0.0017989218,0.0037777189,0.002765742,0.005744736,0.0018172958,0.003919084,0.0025799011,0.006299454,0.0018902676,0.004041082
0.006976158,0.009704869,0.006874088,0.009767974,0.0071288347,0.009761465,0.0071619367,0.008985735,0.0076130014,0.010468631,0.0073198983,0.009120243,0.007276564,0.009986829,0.007229855,0.008917693,0.007463834,0.0098509295,0.0070450907,0.009117169,0.007440508,0.009768316,0.007111261,0.009004368,0.0073272726,0.009868645,0.0071676443,0.008923013,0.0078090993,0.009380221,0.0073683276,0.0087069655
0.010169042,0.0087602725,0.010274297,0.0087055415,0.009632388,0.008975774,0.0095202075,0.00784346,0.009944513,0.009164797,0.009646502,0.007668304,0.010509677,0.008738228,0.0097710965,0.007882211,0.010516424,0.0097894855,0.009761511,0.008013465,0.010638131,0.009693975,0.009743672,0.00825358,0.01038375,0.009662199,0.009710686,0.008095608,0.009687069,0.009303554,0.009747601,0.008244863
0.012898929,0.011713195,0.01292105,0.011731208,0.012836708,0.011608754,0.013530051,0.012125061,0.012466456,0.011561965,0.013943563,0.012296442,0.012718334,0.0115427,0.013974553,0.012117418,0.012636001,0.011780329,0.013481689,0.012228025,0.012649692,0.011728813,0.0135944635,0.011779939,0.012723037,0.011683239,0.013653806,0.011910043,0.013017262,0.011810387,0.013753137,0.0118162185
0.029388526,0.024125764,0.029450374,0.024121793,0.029756295,0.02416943,0.03073118,0.02513622,0.029282292,0.024295812,0.031322315,0.025315018,0.028849533,0.025315734,0.030854356,0.024606543,0.029064173,0.023693943,0.03017032,0.024358483,0.028931955,0.02409642,0.030472483,0.02417652,0.02920506,0.023866849,0.03065702,0.024524605,0.030796329,0.024762964,0.031305954,0.024795631
0.030616278,0.03169796,0.030299304,0.031746842,0.03089364,0.031824134,0.031134339,0.03115895,0.032035142,0.033414625,0.031016683,0.03125448,0.031314746,0.0321475,0.03083775,0.031174427,0.0317552,0.033071283,0.031108726,0.03118763,0.03179095,0.034844853,0.03108399,0.031664092,0.03160941,0.03332497,0.031105207,0.031212544,0.031711917,0.03147251,0.031493556,0.031122139
0.009440228,0.008635195,0.009439276,0.008632138,0.00948374,0.008680122,0.007712955,0.007511514,0.009471907,0.009067422,0.007754762,0.0074853096,0.009411378,0.008521,0.0076976465,0.007456393,0.009433918,0.008865747,0.0077623078,0.0074687935,0.009391642,0.0094698835,0.007728481,0.007587151,0.009031394,0.0089930855,0.007732124,0.007480324,0.008724402,0.009439896,0.0076937806,0.0077053974
0.005209014,0.0045330417,0.005114335,0.004541892,0.005244326,0.004613672,0.004391086,0.0039779916,0.0054938844,0.0050878576,0.004485483,0.004051869,0.0055070617,0.0048618554,0.004509782,0.004061965,0.0056095724,0.005178086,0.0043814066,0.0042259274,0.0056797736,0.0055044405,0.0044305706,0.004201771,0.0054583997,0.0051526763,0.004450278,0.003980524,0.0056394115,0.0047130217,0.0044717607,0.0039905757
0.02071149,0.01789244,0.020428926,0.017929507,0.020734888,0.017988546,0.018561468,0.01647471,0.021105994,0.018759476,0.018456837,0.016378524,0.02075221,0.017622525,0.01845667,0.016636325,0.020992659,0.019017711,0.01867145,0.016335834,0.020987468,0.019832384,0.018533293,0.016853226,0.020636134,0.018970635,0.018478561,0.016504215,0.019357998,0.018841373,0.018275477,0.016949745
0.0035145453,0.004469828,0.0035314756,0.0044772495,0.0034587723,0.0045447177,0.0027058662,0.0035265554,0.0037195,0.0052728523,0.0027003996,0.0036082962,0.003910429,0.0043259636,0.0027249109,0.0036830078,0.0039345627,0.0055878763,0.002678059,0.003632294,0.004118762,0.005526337,0.00271444,0.0039543253,0.0038832072,0.005341264,0.002707231,0.0035473055,0.003759092,0.0047499333,0.0027347659,0.00366911
0.004048547,0.0033933513,0.0037616491,0.0034034476,0.0039796685,0.003474026,0.0038146672,0.0032068766,0.0039701425,0.0035376928,0.003946075,0.0032453905,0.0039934916,0.0033163645,0.003897646,0.0032632272,0.0039907354,0.0035016732,0.0038327882,0.0030673938,0.003925931,0.0033522046,0.0039021745,0.003139856,0.00399529,0.0032591138,0.003838767,0.0031605985,0.0032878197,0.0040254854,0.0036162047,0.003452499
0.0145767825,0.014240988,0.014480401,0.01423286,0.014515581,0.014426379,0.01439651,0.013499547,0.014617853,0.013363645,0.014935645,0.013910439,0.014777293,0.0134349875,0.014498966,0.014260405,0.014451266,0.013204931,0.014189888,0.01282896,0.013688277,0.012746664,0.014299827,0.01344896,0.014011861,0.013340714,0.01466275,0.013582559,0.0149882585,0.015538373,0.014196896,0.014777931
0.013752158,0.011941184,0.013304489,0.011995858,0.013710051,0.012038678,0.010068382,0.008460675,0.013634552,0.012344092,0.010285676,0.008328684,0.013598311,0.011924628,0.0100467205,0.008545547,0.013771547,0.0122527145,0.009959589,0.008054002,0.013768705,0.011882465,0.010128649,0.008155082,0.013795298,0.011686443,0.009922974,0.008295018,0.010459711,0.014297476,0.009192825,0.009310343
0.0054898,0.006357899,0.005448986,0.0063735982,0.005490569,0.0064192815,0.0049070567,0.005148876,0.005403947,0.00628272,0.005180309,0.005246546,0.005322002,0.005930196,0.004785454,0.005287811,0.0052703004,0.006402195,0.0046741096,0.00497204,0.0049325568,0.0061194934,0.004721162,0.0050216457,0.0049925586,0.006172818,0.0048628403,0.0051042694,0.005186796,0.0071809827,0.004637066,0.0056861257
0.021528393,0.019776976,0.022207318,0.019798867,0.021312451,0.019498633,0.022221765,0.020022355,0.02178772,0.019645063,0.021742279,0.019672904,0.02215749,0.020303808,0.022746107,0.019942246,0.022284007,0.02104301,0.02292541,0.021596853,0.022843257,0.021375054,0.022690244,0.02081846,0.022682898,0.020041393,0.022627503,0.020512745,0.023842487,0.018522559,0.023693813,0.019053057
0.005131702,0.0053359363,0.0050476254,0.0053022155,0.00505867,0.0054407436,0.0045493175,0.0045862314,0.004992244,0.0052620918,0.0047326456,0.0046547195,0.004682871,0.004862382,0.0045253146,0.004632491,0.0050649107,0.0051947203,0.0044464474,0.0045672576,0.004685524,0.005102307,0.004531733,0.0044961367,0.0046477723,0.004994665,0.0045542573,0.0044998256,0.0051574917,0.0056712483,0.00442824,0.0048131575
0.009482813,0.011470441,0.0096240565,0.011530875,0.009547661,0.011318495,0.009280634,0.010544054,0.009605861,0.011388286,0.009316006,0.010476796,0.009530837,0.011776699,0.009235684,0.010622502,0.009531701,0.012198922,0.009205657,0.011128222,0.009494705,0.012069528,0.00918811,0.010941411,0.0094684465,0.011612699,0.009191751,0.010809187,0.0096361125,0.011537121,0.009274305,0.010432761
0.009174298,0.008859963,0.008654891,0.00878907,0.009330995,0.009195135,0.0095377285,0.008802947,0.008988499,0.010122806,0.009656522,0.008993517,0.008709472,0.008452022,0.009271087,0.008557881,0.009080411,0.007984586,0.009460366,0.0085368585,0.009028577,0.008613228,0.009513192,0.008604985,0.00906926,0.00847263,0.009567574,0.008475346,0.009162875,0.008867244,0.009631421,0.008644681
0.007150768,0.007751524,0.0067428313,0.0077189114,0.0067868493,0.007879398,0.006714386,0.0068092216,0.0064945747,0.007434642,0.0069286535,0.0068391417,0.006423928,0.006465039,0.006888514,0.0066181696,0.006907445,0.0071674585,0.006758036,0.0065011336,0.0066883448,0.006554212,0.006925067,0.0064108907,0.0066701975,0.0065370197,0.006906258,0.0064122467,0.0065759947,0.008015179,0.0066052293,0.0072276266
0.04158576,0.033757854,0.041155368,0.03375823,0.041644365,0.03380602,0.040333495,0.033548277,0.041477077,0.033744775,0.04051839,0.03335837,0.040946458,0.03358182,0.04033269,0.033282515,0.04145466,0.033570454,0.04025717,0.03325188,0.04140646,0.03375038,0.040353622,0.03348667,0.041384134,0.033618156,0.04019558,0.033492204,0.039537497,0.034506574,0.03984083,0.034253366
0.014443282,0.012988094,0.014404333,0.012999054,0.01465373,0.012963807,0.015050453,0.013763877,0.014668848,0.013123136,0.014825773,0.013704245,0.015143204,0.015356825,0.01502702,0.014282784,0.014623118,0.013793846,0.015196933,0.014208492,0.015325884,0.015853725,0.015047711,0.015446361,0.015431418,0.01627419,0.015135439,0.015215603,0.015272723,0.012970834,0.015672334,0.013376646
0.014968116,0.012841475,0.014994479,0.012822879,0.014742135,0.012894292,0.014293418,0.013339267,0.01472686,0.0128708845,0.014312829,0.013264466,0.015080842,0.014106574,0.014503499,0.013700768,0.015037681,0.014269457,0.014449941,0.013354679,0.0151615115,0.015170498,0.014524355,0.013721276,0.015184882,0.0141890505,0.01444548,0.013648124,0.014901922,0.012812118,0.014278042,0.0132702645
0.0030283378,0.0032336253,0.0028770585,0.0032218117,0.00301362,0.003263801,0.0025814418,0.0026286028,0.0029666424,0.003159806,0.002703913,0.0025767651,0.0029380885,0.0046287184,0.0025945718,0.0029599352,0.002962267,0.0050654123,0.002553814,0.002607339,0.0028687625,0.0045554587,0.0026656794,0.0027786414,0.0029131882,0.0031876224,0.0026031313,0.0027726141,0.0030804873,0.0031934886,0.002505005,0.0025525393
0.007586601,0.0060004755,0.0070590856,0.006042533,0.007477822,0.0059726774,0.007282283,0.005767809,0.0074262084,0.006259221,0.0074137356,0.0058413115,0.0073653352,0.006953732,0.007339674,0.0059907776,0.007508283,0.007857301,0.007280263,0.005683886,0.007385462,0.0072346744,0.0074022105,0.0059233354,0.0074156444,0.0061414503,0.0073443716,0.00597601,0.0073214103,0.006198875,0.00715649,0.0059402026
0.01643162,0.015811766,0.016415333,0.015797079,0.016527638,0.015777392,0.015981466,0.014824326,0.016484603,0.015780332,0.016258275,0.014977675,0.016031498,0.016092341,0.015860543,0.0148120895,0.016335897,0.017757768,0.015749143,0.015045321,0.015814837,0.01652018,0.015785275,0.014941411,0.01587358,0.015951334,0.015976243,0.015032865,0.017291341,0.015781375,0.015989307,0.014974359
0.022139026,0.02460463,0.021846106,0.024649395,0.022178618,0.024561772,0.021600915,0.02216051,0.0220171,0.02491766,0.021737842,0.021979675,0.021828974,0.025311742,0.021545628,0.02222998,0.02194592,0.027836218,0.021542687,0.021848882,0.02203579,0.026051143,0.02161266,0.022477081,0.02208377,0.024829328,0.021515742,0.022518517,0.020729538,0.025026483,0.021316059,0.022190874
0.012097976,0.013592398,0.012018161,0.013574129,0.011809907,0.013597061,0.011355273,0.012262229,0.011762185,0.013635403,0.011388476,0.012170021,0.012326093,0.01380539,0.011668825,0.012326237,0.012189402,0.015948867,0.011601177,0.012331157,0.012427672,0.014261386,0.011686152,0.012698834,0.012490598,0.013918097,0.011689505,0.012599371,0.012921186,0.013189448,0.011764812,0.012059053
0.0074943514,0.008843135,0.008007579,0.008815269,0.007813174,0.008653428,0.0075628576,0.008052277,0.007921196,0.009124399,0.007455185,0.007918149,0.0082359025,0.009441368,0.007418233,0.007980149,0.0077658985,0.010955656,0.007534626,0.008400469,0.007977348,0.009718688,0.0074361237,0.008759667,0.007927103,0.00907006,0.0074313423,0.008622489,0.008711603,0.007733641,0.007896508,0.007314216
0.0050446517,0.005112229,0.0049708295,0.0051273433,0.0049786386,0.005059672,0.004751339,0.0043938695,0.00485262,0.0051515745,0.0049990453,0.0044298302,0.0045008096,0.0051413407,0.0047256513,0.004442059,0.004801648,0.00505966,0.0045988495,0.004425067,0.004461532,0.0051907655,0.0046660495,0.004424694,0.004504446,0.005055827,0.0047118627,0.0044237194,0.004720727,0.005222712,0.0045001623,0.004573323
0.0051913643,0.004317158,0.005230271,0.0043179267,0.005199064,0.0042433226,0.0053199334,0.004056091,0.005208296,0.0044761305,0.005445799,0.004062087,0.0050814166,0.004478241,0.005267459,0.0040150424,0.0051272595,0.004711113,0.00522749,0.0041987086,0.00498555,0.0044581783,0.0051971124,0.0041339896,0.0049904925,0.004185028,0.005321272,0.0041442835,0.005573904,0.004154352,0.0054149027,0.004052313
0.0061890553,0.006680714,0.0061797504,0.006705435,0.0060856733,0.006630134,0.0059868176,0.0063280193,0.0060823644,0.006991883,0.0060662767,0.0062016654,0.006109929,0.0068087513,0.0060543674,0.0063146288,0.00606769,0.007230005,0.005982327,0.006195164,0.0061083375,0.006777486,0.0060184407,0.0063944715,0.0061339834,0.006466804,0.0059790374,0.006483305,0.0059502516,0.006302421,0.0058356076,0.0061397855
0.0032207612,0.0037091041,0.0032113646,0.0037116245,0.0031138738,0.0036918907,0.002919628,0.0028249105,0.00301561,0.003808522,0.0031540499,0.0028734496,0.002824313,0.003552378,0.0029296915,0.002916116,0.0029703379,0.0038045056,0.0027373205,0.0029360815,0.0027653228,0.0038012515,0.0027969682,0.0028984298,0.0027497183,0.0036697583,0.0029133847,0.002894302,0.0032491395,0.003728061,0.0028063033,0.0030453952
0.008074439,0.010043968,0.007778308,0.01011381,0.00815125,0.009998751,0.008390998,0.008633104,0.008386261,0.010408151,0.008408612,0.008631068,0.007953302,0.009811051,0.008262801,0.008380307,0.00793972,0.010535014,0.008196337,0.008286296,0.0078995135,0.009706297,0.008140238,0.0083802305,0.008754098,0.009712942,0.008254609,0.008344674,0.0073840986,0.009372756,0.008157235,0.008301928
0.01506643,0.01670155,0.015385625,0.016781388,0.014981953,0.016808433,0.016015612,0.016395222,0.015224208,0.016553447,0.016078213,0.01636073,0.015016794,0.016387403,0.015676271,0.016088258,0.015261283,0.01736587,0.015597989,0.01565644,0.015096385,0.01623221,0.015609236,0.016016664,0.016334934,0.01597652,0.015617896,0.015843492,0.015947841,0.015521284,0.015983364,0.015493102
0.0073542306,0.008001776,0.00727263,0.008051789,0.0071645686,0.008007956,0.0067473543,0.007112829,0.007239153,0.007962316,0.0067371456,0.0070949476,0.0073337895,0.00785795,0.0067423885,0.006991195,0.007261888,0.00818712,0.006709049,0.0068232487,0.007306361,0.007663508,0.0067206593,0.006938425,0.0075754714,0.0074707046,0.006758588,0.006932015,0.0070749978,0.0076461677,0.0065787244,0.00698477
0.03739153,0.03757439,0.03753558,0.03758122,0.037736375,0.037342984,0.038503915,0.036689177,0.038419034,0.03659278,0.03859606,0.036682203,0.03749072,0.035447884,0.038363583,0.036090218,0.037758406,0.037278436,0.038443238,0.03606434,0.037581,0.035826087,0.038452826,0.036004588,0.03784637,0.03547432,0.038448136,0.036030684,0.038145043,0.035922047,0.03885522,0.036113285
0.0031311682,0.002784716,0.0029702357,0.002796777,0.002804823,0.0028348023,0.0026368871,0.0026289907,0.002789394,0.0029492183,0.0026156798,0.0026514046,0.0030594869,0.0027914834,0.0027104865,0.0025945927,0.0027459846,0.002794812,0.0027198163,0.002765057,0.0029751745,0.002682547,0.002675283,0.0025867983,0.0025947997,0.0029077176,0.0027037414,0.0026341951,0.002859941,0.0027657838,0.0026505387,0.0026577252
0.013824447,0.011850231,0.013529533,0.011787643,0.0130952345,0.01205793,0.011711632,0.0111288475,0.012814814,0.0117454035,0.011664674,0.011144922,0.013368259,0.012234256,0.01189443,0.011189003,0.013260487,0.011060653,0.012052292,0.011266769,0.013622382,0.011860301,0.012161927,0.011207317,0.011820349,0.012081636,0.012026168,0.011369727,0.013579181,0.012349205,0.01177457,0.011621945
0.0069571068,0.005934938,0.0070552602,0.005946256,0.0067543183,0.0059628943,0.0063395016,0.0057924595,0.0066073244,0.0060205236,0.0063004233,0.0058062207,0.0068462393,0.006100546,0.006248326,0.0057993433,0.00661277,0.006250286,0.006306719,0.0058197607,0.0068341414,0.0058899214,0.0062894295,0.005842565,0.0065111658,0.005910339,0.00627077,0.0058435383,0.0068807486,0.0060377475,0.0062593403,0.0059057814
0.011706462,0.009266592,0.011657428,0.009363339,0.011575229,0.009155502,0.01126889,0.009418334,0.0118134925,0.009013272,0.011283939,0.009354891,0.011804329,0.009155089,0.011375591,0.009351758,0.011749821,0.008930318,0.011357348,0.009253859,0.0118088955,0.009007517,0.011417231,0.009312468,0.012143604,0.008889962,0.011381707,0.009272476,0.011887612,0.008949534,0.011288846,0.009457791
0.018499078,0.012847793,0.018412959,0.012695393,0.017799575,0.013220305,0.016787605,0.014296718,0.01660071,0.013964467,0.01655933,0.01437702,0.018406754,0.0127646495,0.016258731,0.014367895,0.017042145,0.01410935,0.016233688,0.014117765,0.01823968,0.013971838,0.016043352,0.014527988,0.01956828,0.014906487,0.016437171,0.0150715085,0.016969316,0.0141634755,0.01611144,0.014886281
0.002326571,0.0013329642,0.0024387797,0.0013345769,0.0019339703,0.0014006004,0.0014228991,0.0010991987,0.0017381802,0.0013691409,0.0013687047,0.0011491055,0.0020924113,0.0013571257,0.0015745333,0.0012169762,0.0017864979,0.001360816,0.0017191761,0.0014259802,0.0019819238,0.0014087578,0.0019251894,0.0012240751,0.0011345869,0.0016114332,0.0016021165,0.0014505963,0.002476201,0.0015908008,0.0015179692,0.0014018227
0.009145747,0.006903072,0.009236838,0.0069110487,0.008710413,0.006984078,0.008571886,0.007532336,0.0083587,0.007182028,0.008507094,0.007633043,0.008843483,0.0072273053,0.008830686,0.0078016273,0.008428153,0.0074821184,0.009075957,0.008204208,0.008639816,0.0074557867,0.009253925,0.007873966,0.0073258197,0.0077959877,0.008842407,0.008219117,0.00976243,0.007430442,0.008930534,0.008026931
0.010921932,0.009747229,0.011235,0.009756552,0.010657732,0.009844507,0.010470303,0.009870583,0.010647055,0.009766103,0.010438611,0.009907451,0.011259578,0.010119589,0.010857205,0.010150454,0.010548633,0.009915646,0.011040417,0.010595137,0.010506334,0.009876665,0.010937531,0.010231692,0.010613783,0.009972492,0.010807239,0.010380399,0.011929783,0.009976218,0.01086332,0.010244151
0.002493012,0.003150116,0.002852386,0.003190693,0.0023939556,0.0030382676,0.0023500905,0.0022821322,0.0026404662,0.0031236396,0.0023767005,0.0022875858,0.002500897,0.002447093,0.0023155552,0.0023000818,0.0026290088,0.003317635,0.0023710937,0.0024207032,0.002652662,0.0026205464,0.0023231637,0.002248198,0.0072232434,0.0026006738,0.0023163084,0.0022447922,0.003219894,0.0025829247,0.002543646,0.00211957
0.0024787057,0.0016734495,0.0028095718,0.0016406801,0.0021606775,0.0017735736,0.001566638,0.0013159736,0.0018684929,0.0015094555,0.0015020515,0.001322779,0.0029519063,0.0026439796,0.0017788633,0.0018235667,0.0025875883,0.0015904445,0.0018730006,0.0018054207,0.0020186428,0.0018498269,0.0020976525,0.0020155068,0.002411161,0.0018956386,0.0017217398,0.0017059543,0.003009618,0.002245269,0.001660643,0.0017453629
0.0083221225,0.0076613044,0.0088357935,0.007603789,0.007997413,0.007751803,0.007508139,0.0073810974,0.008011611,0.007772299,0.0074940617,0.0074012987,0.008983787,0.008037396,0.0076504108,0.007792832,0.008834194,0.0080956025,0.007752336,0.0076837996,0.008248324,0.0076560173,0.007879799,0.00791085,0.009033161,0.0077540902,0.007598031,0.007632913,0.009906855,0.007874269,0.0078089433,0.0074858586
0.023559576,0.022986863,0.023795338,0.022939706,0.023291787,0.023106491,0.022816297,0.022689646,0.023092914,0.022763085,0.022797957,0.022634396,0.023927568,0.022750111,0.022834944,0.02274759,0.023796752,0.023457173,0.02285836,0.022543048,0.02335439,0.022676557,0.022864934,0.02283233,0.024033112,0.022779679,0.022811834,0.022643412,0.02422438,0.023396336,0.022852745,0.022768764
0.024126709,0.025538528,0.023560079,0.025721228,0.023773083,0.025518082,0.02438511,0.025036091,0.023952862,0.02701828,0.024468401,0.025163257,0.02356789,0.026240382,0.024469705,0.024935046,0.023689916,0.028295355,0.02446574,0.025407525,0.023676163,0.026069874,0.024541028,0.024595417,0.02397322,0.026131803,0.024498545,0.025149189,0.023364827,0.026087115,0.024712097,0.024939403
0.031887908,0.026983542,0.030392442,0.027298713,0.030732043,0.026971553,0.03087208,0.026845118,0.03287913,0.031733666,0.031366713,0.02713816,0.030686552,0.02862741,0.031769775,0.026022183,0.03253167,0.030211799,0.032181866,0.026515543,0.032488674,0.029552229,0.03279055,0.025731862,0.03266637,0.03049752,0.032392174,0.027210519,0.033515338,0.027754163,0.033315938,0.026660232
0.016925147,0.0157559,0.016946683,0.01575286,0.017005036,0.015754202,0.016911602,0.015868897,0.016818713,0.016774539,0.01688228,0.015955158,0.016603967,0.016697027,0.016763076,0.015934642,0.016531348,0.016451374,0.016815271,0.015878815,0.016408503,0.016772177,0.016637221,0.015796475,0.016509326,0.017019873,0.016662763,0.01621511,0.015623498,0.01583072,0.016669188,0.015985416
0.018950514,0.018822813,0.018463505,0.018916985,0.018601155,0.018801928,0.018587543,0.018307777,0.01832471,0.018364873,0.018509623,0.018220928,0.018259324,0.018328514,0.01834131,0.01784337,0.018162422,0.01833941,0.018352823,0.017997775,0.018393349,0.018550271,0.018392637,0.017960045,0.019100117,0.018566687,0.01852087,0.018015668,0.01673119,0.018878916,0.017999034,0.018549137
0.017091392,0.018924132,0.017086325,0.018973611,0.016295237,0.01888294,0.014615261,0.015849844,0.0159471,0.01569198,0.014506404,0.01558787,0.017349651,0.01624001,0.014613564,0.015293689,0.016705181,0.016737392,0.014716172,0.016557286,0.017177425,0.0154449325,0.014771049,0.015958091,0.017262705,0.015289694,0.014916455,0.015220079,0.016484221,0.018246554,0.014240632,0.015989421
0.02877332,0.0300168,0.028587855,0.030083222,0.028540025,0.030040553,0.029263847,0.029681534,0.02864864,0.029762274,0.029357139,0.029698959,0.028971942,0.02934979,0.029203523,0.029597502,0.029054668,0.029646518,0.029435152,0.0299336,0.029073058,0.030814698,0.029281372,0.029721731,0.028911874,0.031165348,0.029335976,0.02972474,0.030284708,0.030034244,0.030021925,0.029598236
0.016053695,0.018010637,0.016339699,0.017992118,0.016418112,0.01814713,0.016499897,0.017187448,0.016442513,0.01841905,0.016264489,0.017241394,0.01667617,0.018611383,0.01649712,0.01796271,0.015722562,0.020028261,0.015973601,0.01700251,0.016072651,0.017700821,0.016172139,0.017226478,0.015413469,0.021024812,0.01605789,0.016709123,0.016012855,0.018524038,0.016451782,0.016835948
0.014104933,0.015949879,0.014324452,0.015963493,0.014117067,0.015944198,0.014304972,0.0147381835,0.014095334,0.015418407,0.0142632555,0.014717401,0.013887998,0.01503578,0.01434604,0.014560061,0.01401062,0.014683581,0.014285038,0.01477745,0.013929967,0.01562987,0.014245307,0.014903717,0.0139396,0.015609526,0.0142093,0.014919925,0.0142020825,0.01554186,0.014386667,0.014665466
0.01056502,0.0144529,0.011125609,0.014426624,0.010506884,0.0144453375,0.010529843,0.012753454,0.010505825,0.013754941,0.010524914,0.012711016,0.010628448,0.013451533,0.010647351,0.0125556765,0.010762866,0.012566711,0.010572995,0.0127543975,0.010672454,0.013758274,0.010629647,0.0130723305,0.0108906245,0.013973272,0.010617911,0.013081596,0.0117067555,0.014032259,0.010834279,0.012554601
0.011809875,0.014419865,0.012014176,0.014473872,0.011534069,0.014294553,0.010487402,0.011483856,0.011629146,0.012785535,0.010578571,0.011411955,0.011488485,0.011270603,0.010335034,0.010685838,0.01184814,0.010284365,0.010523755,0.011521381,0.011301253,0.014096878,0.010522498,0.010928247,0.0118198395,0.009532858,0.010595806,0.0118799815,0.011393807,0.0130824745,0.010405847,0.011471058
0.019733828,0.019085478,0.019668277,0.019027041,0.020218683,0.019138757,0.021754993,0.020606127,0.020478167,0.019768262,0.02188927,0.020682769,0.020810923,0.022084828,0.02219912,0.021713832,0.019873295,0.02230583,0.022031706,0.020833846,0.020759342,0.018795608,0.021707686,0.022613404,0.019129522,0.025099194,0.021327581,0.021028778,0.020554285,0.019468762,0.021698467,0.020115921
0.007471154,0.007340692,0.0073359655,0.0074174902,0.0075013926,0.0072411573,0.0076527544,0.006740307,0.007733061,0.0064804605,0.0077008912,0.0067210747,0.008025708,0.006732362,0.007947354,0.006969439,0.0075113117,0.0070992527,0.0077637276,0.006760804,0.0077872523,0.00676248,0.00760104,0.0071821343,0.007217647,0.0073732412,0.0074396185,0.007082132,0.007860071,0.007090046,0.0074637695,0.0066436306
0.07640343,0.06887773,0.074944116,0.06895547,0.07655141,0.068860754,0.07843813,0.06872447,0.07612466,0.06848009,0.07811504,0.0687586,0.07495775,0.06906137,0.07818405,0.069070086,0.07485414,0.06986579,0.078122385,0.068433754,0.07567084,0.06845265,0.078042075,0.069098584,0.074826404,0.06960452,0.07777786,0.068970345,0.070334174,0.06914659,0.07741009,0.06981525
0.010043016,0.009368278,0.010141438,0.009359222,0.010057723,0.009396126,0.0103374105,0.009676963,0.010067269,0.00952115,0.010271332,0.009687678,0.010031046,0.010428033,0.010367311,0.010085856,0.010062299,0.009643304,0.010329646,0.009743638,0.010071219,0.009266696,0.010271031,0.010506326,0.010011229,0.010562553,0.010242026,0.010173529,0.010683818,0.009559161,0.010409235,0.009660794
0.002806269,0.0034435608,0.0027211301,0.003455407,0.0031256257,0.0034671708,0.0033909946,0.0034212398,0.003292191,0.0038482135,0.0033401186,0.0034981063,0.0029212262,0.0036377462,0.002873946,0.0032415155,0.0028709632,0.0034033637,0.00303259,0.0032687108,0.0031423373,0.0036803575,0.0030748032,0.003694643,0.0029911601,0.0038781546,0.0031620304,0.0032699776,0.0032914812,0.0032451807,0.0035632509,0.0032018698
0.12832677,0.11062928,0.12781657,0.1105872,0.12831931,0.11066326,0.12753819,0.11479584,0.12814406,0.11021202,0.12726842,0.11478818,0.12845634,0.109625556,0.12748948,0.11474524,0.12763068,0.111072265,0.127312,0.11475546,0.12891987,0.110900216,0.12732346,0.11416249,0.12783413,0.10951444,0.12703682,0.11462885,0.12319059,0.110613905,0.12570436,0.11612678
0.005841448,0.005812215,0.00563294,0.0058124866,0.005401584,0.005797981,0.0057439385,0.0057593887,0.0053185434,0.0054466124,0.0056398753,0.0056770137,0.0060446444,0.0059084864,0.0059000766,0.0058436487,0.006019372,0.005885752,0.0058857766,0.005844068,0.006184849,0.0058251084,0.00596326,0.0059347455,0.006045119,0.0059551354,0.0059300675,0.005832274,0.006026771,0.005950942,0.00598826,0.005853171
0.02399288,0.023268433,0.024283817,0.023265079,0.024688877,0.023206787,0.0268101,0.02564936,0.024401508,0.02493283,0.026574865,0.025840482,0.023510927,0.025607063,0.026054556,0.02609055,0.023319904,0.023426654,0.02600528,0.025120258,0.022958336,0.023672614,0.026264017,0.026365176,0.023507595,0.026868174,0.026098939,0.025097894,0.02554111,0.022921395,0.027135829,0.025172135
0.05908461,0.053838354,0.058172226,0.05387025,0.058934774,0.053833112,0.060577363,0.055755027,0.05857536,0.053305507,0.060285993,0.055751193,0.058615,0.05348472,0.060442336,0.055592407,0.058338616,0.054336753,0.0602938,0.05547045,0.05917425,0.054089468,0.060422175,0.055542983,0.05863829,0.05342172,0.060235355,0.05576082,0.05478471,0.05412902,0.05966442,0.05645867
0.010707217,0.01131051,0.0107793715,0.0112768775,0.010961388,0.0113898525,0.011526261,0.011192437,0.011012438,0.011800499,0.011429212,0.011308826,0.010718841,0.011080616,0.011182861,0.011082756,0.010703123,0.011212066,0.011182923,0.011118373,0.011031158,0.011496556,0.011296826,0.011138134,0.011002351,0.011530215,0.011281416,0.010962929,0.010765867,0.010860066,0.011634405,0.011007959
0.017206628,0.017068418,0.017287208,0.017093435,0.01759972,0.016993225,0.01865033,0.018243833,0.017391223,0.017511975,0.018522803,0.01829646,0.01694483,0.017640643,0.018159457,0.018085536,0.016869398,0.017115658,0.018234476,0.017929407,0.016808534,0.016726986,0.018404039,0.018641194,0.016871821,0.019310966,0.018242091,0.017828612,0.018065859,0.01651217,0.018775705,0.017943678
0.02278656,0.01984444,0.022586359,0.019798528,0.022810528,0.019956158,0.022771038,0.020652587,0.022628888,0.020025859,0.022700666,0.020633249,0.022707831,0.020250218,0.022466691,0.020675596,0.022555817,0.019826917,0.022538844,0.020372102,0.022578847,0.019657014,0.022649411,0.020779913,0.022515763,0.02098642,0.022547072,0.02028324,0.023268018,0.019580768,0.022739558,0.020684205
0.011943936,0.012149385,0.0119721545,0.012114393,0.01191811,0.012150526,0.011308556,0.011299463,0.012423007,0.011960184,0.011382641,0.011264383,0.012571031,0.0124428915,0.011341601,0.011716536,0.012715305,0.011923622,0.01150066,0.0118380925,0.013223908,0.012093527,0.011364519,0.011333234,0.012880863,0.01142297,0.011364393,0.011741842,0.011414086,0.011719716,0.011276174,0.011175407
0.010083479,0.009300342,0.010242091,0.009311293,0.0102382125,0.009252878,0.011081398,0.010029252,0.010170241,0.009233005,0.0110088615,0.0099405795,0.009909344,0.00928912,0.010676232,0.009640932,0.010053992,0.009467876,0.010659923,0.009631856,0.009777552,0.010596028,0.01089984,0.010551053,0.010177447,0.012200771,0.010905572,0.009590572,0.012451465,0.009184506,0.01200991,0.009971074
0.009770176,0.009780307,0.009970242,0.009754951,0.009821454,0.00979091,0.009628511,0.010022525,0.010120744,0.009823273,0.009665885,0.010012398,0.010350408,0.009833306,0.009686241,0.010143648,0.010397091,0.009649688,0.009699658,0.01037461,0.010657549,0.010859306,0.009648216,0.010181329,0.0103280125,0.009934555,0.009657448,0.010139983,0.009965195,0.009598072,0.009745612,0.009973277
0.006929599,0.0075718975,0.0072876243,0.0075199003,0.0068832296,0.007520301,0.0065864613,0.0069607235,0.007084215,0.0076910662,0.0065748077,0.007006171,0.0071150446,0.007913432,0.006601856,0.0073794913,0.007332119,0.0074192365,0.0066538304,0.0074445587,0.007286098,0.008595477,0.006628398,0.007380703,0.007108996,0.009364039,0.0065708254,0.007103375,0.006965231,0.007294043,0.0067726453,0.0069472804
0.004061695,0.004105826,0.0040787286,0.004111332,0.004072455,0.0041002,0.0038952108,0.0040519694,0.004111079,0.0041608247,0.0038655119,0.003997656,0.0042435885,0.0041921926,0.0038464514,0.0040291664,0.0043093464,0.0040927627,0.0037965002,0.004042721,0.0044994736,0.00494941,0.003791276,0.0040939953,0.004336644,0.007243497,0.0037751421,0.003987923,0.004136118,0.0039192135,0.0038920273,0.004014146
0.024457965,0.023359628,0.024590336,0.023349136,0.024268923,0.02340017,0.025806686,0.025251208,0.023918288,0.023281522,0.02578385,0.025012411,0.024161687,0.023588885,0.025570516,0.024543904,0.02368971,0.024096522,0.025318427,0.024129817,0.0239168,0.023185562,0.025468195,0.02414824,0.023888167,0.023236988,0.025410702,0.02486088,0.024897458,0.023749653,0.025983816,0.025341664
0.0036766266,0.004499877,0.0037445473,0.0044999816,0.003596062,0.0044545173,0.003549471,0.0042281453,0.004097747,0.0052976687,0.0037154823,0.0042411876,0.004737702,0.0047030696,0.003926582,0.0049813855,0.004503985,0.004736717,0.0036723036,0.004799607,0.004895529,0.005032741,0.003749,0.004991001,0.0043819617,0.0044306046,0.0036340337,0.0049109026,0.0036224113,0.0041604433,0.0035479513,0.0039316863
0.010620178,0.010013807,0.010328932,0.010028669,0.0105602,0.010064953,0.010171204,0.009359512,0.010409539,0.0101578,0.010048286,0.009416058,0.010552891,0.00970586,0.010136112,0.009629339,0.010363727,0.0097858645,0.010123009,0.009712439,0.010698915,0.011099361,0.010126433,0.00968492,0.0104474705,0.009979845,0.010067362,0.009615936,0.009583726,0.01024051,0.009883494,0.009549295
0.0018871748,0.002402371,0.0018214276,0.0024112593,0.0018006419,0.0023077936,0.0014993633,0.0019660022,0.0024440708,0.0032404687,0.001746238,0.0019780765,0.0032156182,0.0029180339,0.0019865613,0.002862397,0.0025866504,0.002690808,0.001695274,0.002753377,0.0030763345,0.0045659924,0.0017985118,0.00292499,0.0027054509,0.0029909387,0.0016156029,0.0027499488,0.0017554131,0.002046188,0.0014756958,0.001669162
0.013349456,0.013621843,0.0133952135,0.013601403,0.0132178785,0.013456569,0.012723509,0.013263841,0.014120774,0.015047841,0.013166415,0.0133299865,0.015310999,0.015179722,0.013421618,0.014494184,0.014047679,0.014019096,0.012809735,0.014244702,0.014395008,0.017252717,0.01308779,0.014528805,0.0144595355,0.018003441,0.012871521,0.014299186,0.012955679,0.0129074985,0.012541513,0.012796918
0.0040611974,0.0044201077,0.0040388866,0.004435737,0.0041031837,0.0043306574,0.004303948,0.0041828956,0.0045987903,0.0054578115,0.0045119026,0.0042060707,0.0049644355,0.007064104,0.004421521,0.004745532,0.0044935835,0.004791916,0.004222312,0.0047057895,0.004202678,0.0070050927,0.0042662085,0.0049347067,0.0046819043,0.008183295,0.0042833863,0.00478018,0.004039563,0.004270074,0.004396266,0.0039592627
0.019482357,0.020847255,0.02015781,0.020750526,0.01980529,0.020744475,0.020271637,0.02009309,0.01872176,0.01887585,0.019431805,0.019940604,0.01930023,0.017658787,0.019349502,0.019186504,0.018085508,0.020374808,0.020562606,0.019045426,0.019886756,0.018219884,0.02021442,0.018787315,0.01789674,0.01682292,0.020006074,0.01902785,0.020604176,0.021197008,0.020729989,0.020779772
0.0017275574,0.0024221062,0.0017640473,0.0024271954,0.0016868114,0.0023009856,0.0013950422,0.0019017615,0.0021228385,0.0033121055,0.0016178666,0.0019172562,0.002029559,0.0032695087,0.0015796266,0.0021401055,0.0019629486,0.0024358912,0.0013696362,0.0022326799,0.001525296,0.0032346642,0.0014050243,0.002304579,0.00218912,0.0022232442,0.0014405211,0.0021193577,0.0019916806,0.0020385822,0.0014973223,0.001593075
0.005398808,0.0050737467,0.0055413153,0.005076233,0.0054282723,0.00517386,0.00516212,0.004868844,0.0051111705,0.005089942,0.004951617,0.004893084,0.005433012,0.005288948,0.004943714,0.004832764,0.0051688976,0.0050506894,0.005149894,0.0047569433,0.005533204,0.0049855276,0.0050836736,0.0047634565,0.0049904166,0.0049948758,0.0050726095,0.0048074867,0.0054584886,0.005159019,0.0051571457,0.005053503
0.023011118,0.022257851,0.023098636,0.022241466,0.023301564,0.022374399,0.02319916,0.022543069,0.02358506,0.021977667,0.023399793,0.022455761,0.02310468,0.022057068,0.023324437,0.022246903,0.02357398,0.022462595,0.023236694,0.022583138,0.023308208,0.02294992,0.023251804,0.022475062,0.023533743,0.023044277,0.023241572,0.022309052,0.023071649,0.022106195,0.023150502,0.022297816
0.016803818,0.017049748,0.017100632,0.017091589,0.017429046,0.016896324,0.017360311,0.017533079,0.016066223,0.017025728,0.016990226,0.01785687,0.016307052,0.019150956,0.016766824,0.017220184,0.01631786,0.018074127,0.01701384,0.017290927,0.016765252,0.015930708,0.01690769,0.016963264,0.016075058,0.015923189,0.017105253,0.017563319,0.01741627,0.017086633,0.017667523,0.017831488
0.021906605,0.020439465,0.021732997,0.020571275,0.022128792,0.020517647,0.020978106,0.020151734,0.021169968,0.022570558,0.021057177,0.020762336,0.021104155,0.02089592,0.021164004,0.020237278,0.021719573,0.02254405,0.020940255,0.020214535,0.021296082,0.021277951,0.020968666,0.020522747,0.020927407,0.022957195,0.020832105,0.020138765,0.020665579,0.020878946,0.020668544,0.019939642
0.0034954457,0.0036334023,0.003479554,0.00368576,0.0034320434,0.0036390915,0.0021736806,0.0022265099,0.003330705,0.004844867,0.0024022087,0.0023870873,0.002998724,0.0035922069,0.0024270462,0.0022923527,0.0032365506,0.0059964107,0.002213727,0.0025387937,0.0028827216,0.005008764,0.0022451654,0.002543224,0.003049764,0.005477005,0.002165311,0.0022280936,0.002688624,0.0037459948,0.001970899,0.0019894785
0.005742558,0.00590968,0.0056941705,0.005962241,0.0056540365,0.0059349393,0.004896895,0.0050088903,0.0058871233,0.007287141,0.0052798395,0.0051049846,0.00516886,0.006892212,0.005092595,0.0048780087,0.00546215,0.0057693417,0.00480406,0.005251873,0.005352539,0.006821357,0.004884394,0.00525515,0.005699261,0.0112878205,0.0049000178,0.004894956,0.0054090363,0.005891758,0.004861732,0.004664201
0.011243484,0.01155263,0.011141889,0.011563453,0.011035106,0.011379406,0.010490652,0.010127748,0.011208296,0.012640547,0.010820579,0.010244143,0.010593868,0.012372484,0.010803406,0.009995078,0.010977217,0.010616132,0.010467221,0.010263414,0.0108641805,0.01143922,0.010524927,0.0103961425,0.011121138,0.013548038,0.010478286,0.01003799,0.009979872,0.011557499,0.010166742,0.009985176
0.016486948,0.018344842,0.016841384,0.018306563,0.016514529,0.018155467,0.017140107,0.017275434,0.01662989,0.018600522,0.0171701,0.017168742,0.016752811,0.02078197,0.01709933,0.017078403,0.016920915,0.017830618,0.017295483,0.0170335,0.016808253,0.017899202,0.017184054,0.017172553,0.016794303,0.01846304,0.017277297,0.017100982,0.017997466,0.018390482,0.018031856,0.017288454
0.01630816,0.018918179,0.016443012,0.018961124,0.016370334,0.018688357,0.01711137,0.018391829,0.017084122,0.02072339,0.017846353,0.01846367,0.017126096,0.024071006,0.017344503,0.017978132,0.016745707,0.017258214,0.01711635,0.017651383,0.018050987,0.017518528,0.016992506,0.018502906,0.016673211,0.01850048,0.017115049,0.017453505,0.01641473,0.018468298,0.017394265,0.017751709
0.00122967,0.0023531914,0.0011722426,0.0023689216,0.001103988,0.002251798,0.0009072993,0.0016592243,0.0012530285,0.0035275784,0.0011319917,0.001741015,0.0013908724,0.0076094484,0.0010412316,0.0015252422,0.001244676,0.0019537655,0.0010662734,0.0012222371,0.0013888917,0.0017684057,0.0009899493,0.0018612304,0.0011762131,0.0021128694,0.0009730164,0.0014687121,0.0013966443,0.002293858,0.0011246663,0.0014413608
0.0026354252,0.0031781183,0.0026144823,0.0031833663,0.0025319161,0.0031899922,0.002763557,0.0035302234,0.0026964433,0.004163534,0.0031389836,0.003591793,0.0030138073,0.008872631,0.0029320428,0.0034311158,0.0025208206,0.0029911457,0.0029028773,0.003020145,0.0024369496,0.0032315399,0.0028108908,0.0037738883,0.0024501125,0.003820308,0.0028090398,0.0034541155,0.0026332126,0.0032021815,0.002905344,0.00325076
0.0055170595,0.0061472314,0.0053423606,0.006109746,0.0053588767,0.0059599,0.004673351,0.0046472875,0.0048105833,0.0054673404,0.004525444,0.0046256245,0.0048176902,0.008281056,0.0045866156,0.00465637,0.0063148015,0.0077504483,0.0046849735,0.0049136705,0.0071629914,0.006244775,0.004675442,0.0046649715,0.0056613027,0.005891974,0.0047525703,0.0046305945,0.0056658355,0.0057807756,0.004821628,0.0046459422
0.0069195908,0.007399715,0.007102986,0.0073653827,0.006863467,0.0074540693,0.007119754,0.007780903,0.0071968785,0.008174045,0.007433809,0.007789013,0.0072095133,0.010586517,0.007253922,0.007544266,0.0073277126,0.0074104453,0.0071171285,0.007162474,0.007017168,0.0075164824,0.0071349014,0.007983349,0.0069594723,0.008563145,0.0071634105,0.0077258768,0.007557194,0.0074578277,0.0074460413,0.0073852814
0.0224576,0.02235816,0.022564102,0.02232364,0.022334749,0.022533432,0.022891272,0.023807589,0.022869872,0.023522511,0.023348274,0.023829285,0.023241654,0.026895426,0.0232103,0.023638515,0.023890281,0.02253162,0.02294286,0.023317067,0.023264445,0.023673134,0.023002353,0.024241358,0.022111563,0.024958456,0.0229168,0.024012733,0.022828417,0.022869425,0.023169475,0.023359241
0.003109924,0.0048157433,0.0033255697,0.0048346412,0.0031528173,0.004335722,0.0024549137,0.0034362406,0.0032584404,0.0043729427,0.002761157,0.0034794533,0.0033695318,0.007166619,0.0026138902,0.0033457358,0.0034792738,0.0047670146,0.0024623936,0.0032433416,0.00327789,0.0046482612,0.0024907654,0.003777069,0.003155259,0.005630777,0.002436203,0.003655942,0.0033365448,0.0043958924,0.0025328582,0.0031365142
0.007941,0.009708231,0.007970749,0.009730942,0.007899623,0.0093522435,0.0074685696,0.0075605023,0.007971426,0.010306806,0.007481164,0.0072979955,0.008029428,0.009004263,0.007449737,0.0072864294,0.0076208506,0.009633203,0.0073754042,0.007434101,0.0079517905,0.010526724,0.0074763116,0.007407554,0.007602988,0.010116838,0.007463196,0.0073639494,0.0069690365,0.00903154,0.0073134927,0.007384374
0.0036913236,0.004563426,0.0037468267,0.0045722723,0.0035806082,0.004527063,0.0031470675,0.0036133279,0.0034567039,0.004569419,0.0031057072,0.0036765323,0.0034812216,0.0043745223,0.0031418826,0.0034335563,0.003686081,0.004822237,0.0032389818,0.0033323006,0.004331864,0.004320454,0.003162409,0.0033375588,0.003627654,0.0047791605,0.0032001655,0.0033813296,0.0038482095,0.004590966,0.003161095,0.003763554
0.0040603364,0.005329102,0.004116234,0.0053651086,0.004048713,0.005254731,0.0040722745,0.0046408284,0.004021472,0.0056266864,0.0040622386,0.004623987,0.0039822455,0.005201235,0.0040555196,0.0045450334,0.0039483006,0.005389976,0.004059798,0.0045486046,0.004248746,0.004871663,0.004068157,0.0045035686,0.003942208,0.0056063947,0.0040666587,0.0045128814,0.0038961656,0.0051823775,0.0040260437,0.0046744044
0.014307274,0.014234641,0.014415297,0.014282636,0.014215996,0.014004546,0.013751581,0.013349717,0.014907601,0.016058369,0.013832472,0.013179664,0.014654309,0.014562636,0.013812048,0.013466342,0.014179685,0.015614677,0.013783011,0.013675087,0.014204404,0.01483712,0.013760586,0.013562171,0.01461764,0.016908813,0.013740558,0.013255777,0.01467758,0.013939952,0.013881749,0.013065584
0.0031884464,0.004441168,0.0032133244,0.004474421,0.003263902,0.004249773,0.0027776957,0.003077308,0.0035279032,0.004868936,0.0028024374,0.003071912,0.003448561,0.0041300007,0.002733807,0.0030600317,0.003210115,0.0048011187,0.0028002812,0.003102976,0.0034327807,0.0041119973,0.0027354627,0.0031102463,0.00350515,0.0051369076,0.0027639722,0.002991629,0.0038209225,0.0042782575,0.002937072,0.0030019847
0.013420717,0.014299708,0.013332341,0.014268923,0.013194602,0.014773626,0.013083884,0.013445705,0.01213145,0.012735044,0.01295172,0.014005648,0.012236244,0.014091217,0.012992978,0.012950553,0.013141052,0.014440289,0.012869061,0.012720157,0.012344074,0.012967038,0.013153127,0.012426704,0.01173976,0.012225503,0.013049955,0.012868331,0.01296612,0.0152496,0.012930863,0.014169199
0.007522068,0.008740117,0.0074704597,0.008775102,0.0075752237,0.008930641,0.007500114,0.008375854,0.0077683493,0.008750683,0.007508275,0.008337292,0.007837399,0.008409464,0.007531102,0.008180982,0.007714954,0.0086302655,0.0075302543,0.008176778,0.007839875,0.008600565,0.0075235367,0.00812478,0.0077868267,0.008971025,0.0075185494,0.008184772,0.007882688,0.008757018,0.00751376,0.008360747
0.0032940134,0.0052502234,0.0033915096,0.0053196177,0.0033196511,0.005343212,0.0033450925,0.0039739925,0.0038117052,0.0056867325,0.0033856446,0.0038516247,0.0038275456,0.005399722,0.003385688,0.003840863,0.0034897486,0.0063243764,0.0034654376,0.00394861,0.0035797686,0.008656099,0.0033464916,0.0038394523,0.004236126,0.0074744867,0.0034123817,0.0038309477,0.0036042628,0.0053692637,0.0035581838,0.003899692
0.03388859,0.041511085,0.033763986,0.04159675,0.03364883,0.04195346,0.03410064,0.037531234,0.032565173,0.039555863,0.03397493,0.037876673,0.032506634,0.04007606,0.034033444,0.036662117,0.032832567,0.03700696,0.034108635,0.035862036,0.034342024,0.034579333,0.034265865,0.035861127,0.03267902,0.03531463,0.034128927,0.036453284,0.034176726,0.041705485,0.03420696,0.038564976
0.01580908,0.008746121,0.016506055,0.008756847,0.016352616,0.00851677,0.015451179,0.010983703,0.019094262,0.014474772,0.01580456,0.0107056815,0.019895874,0.011045022,0.015662482,0.012023099,0.02089795,0.01676652,0.015474753,0.012993757,0.012778621,0.034177586,0.015208869,0.013326844,0.02001803,0.023070717,0.015530133,0.012322921,0.01760465,0.008930029,0.01602023,0.009529169
0.04107557,0.03171626,0.04114349,0.031635847,0.041714326,0.031228231,0.042774167,0.034178764,0.043378297,0.033743426,0.04300811,0.034195937,0.044159133,0.033667367,0.042967252,0.034837246,0.044606492,0.03488381,0.04297862,0.03521141,0.04152149,0.04010087,0.04254341,0.036135003,0.044964194,0.039445024,0.04318268,0.036411982,0.04417526,0.032184575,0.043988988,0.034278847
0.0025294127,0.0041615097,0.002678368,0.00414857,0.002595257,0.0040599136,0.00204915,0.0028219996,0.0029208949,0.0034057426,0.0020351815,0.002916429,0.0025144422,0.0037963914,0.0019947132,0.0029317744,0.00254087,0.003931914,0.0020993045,0.0030107603,0.003400044,0.00489367,0.0019907297,0.0025892847,0.0024255395,0.0057568587,0.0019668106,0.00270147,0.0028266357,0.004201564,0.0020682798,0.0028853926
0.011889269,0.015506068,0.012052059,0.01551393,0.011749681,0.015520629,0.011734921,0.014057961,0.011287083,0.013699235,0.011680739,0.014175136,0.011225893,0.014442199,0.011678086,0.014151612,0.011220749,0.014775802,0.0117091425,0.014211232,0.01173535,0.0148898875,0.011786783,0.013324689,0.011389704,0.01649231,0.011725283,0.0135967545,0.012372655,0.015685849,0.0118464455,0.0141951945
0.012276699,0.010537775,0.011973667,0.010557068,0.011496938,0.011533297,0.011364424,0.010781932,0.011581801,0.011268339,0.011355681,0.011544812,0.011221312,0.008260439,0.0113501,0.009726764,0.010985767,0.010768678,0.011183977,0.0096814,0.011047002,0.012348901,0.011458314,0.009587435,0.011495767,0.00842369,0.011390563,0.008868007,0.011365804,0.011609091,0.011364303,0.010844209
0.021877456,0.015098952,0.021859264,0.014993654,0.02207769,0.014961143,0.021569917,0.016620917,0.02521176,0.019846508,0.021840563,0.01655678,0.024661949,0.018967878,0.022095094,0.016909044,0.02487299,0.022079205,0.021614268,0.017990982,0.02762937,0.03590126,0.021606298,0.018812263,0.023524763,0.028813459,0.021854576,0.01777726,0.021666074,0.014928821,0.021702236,0.015665654
0.0028655764,0.0036493868,0.0030148749,0.0036528306,0.002927458,0.003603947,0.0025326917,0.0029882193,0.0031035077,0.0033797051,0.0025394093,0.003209101,0.0029875839,0.0035607081,0.0025564837,0.0032680323,0.0030298652,0.0039437553,0.0025389928,0.0032675096,0.0032456813,0.006163186,0.0025025567,0.0032242301,0.002903861,0.005092292,0.002498066,0.0031408714,0.003107041,0.0035568175,0.0024967312,0.0030665528
0.003589127,0.0042739334,0.003633359,0.0042846557,0.0035674244,0.004365267,0.0033469829,0.003414597,0.0036051327,0.0037037423,0.0033324983,0.003616561,0.003417395,0.0036386515,0.0033568183,0.0036088673,0.0034729727,0.003998248,0.0034120018,0.0035141811,0.003777884,0.0052561196,0.0033322847,0.003402617,0.0033798376,0.005014363,0.0033357786,0.0034616727,0.0034281488,0.004254332,0.003290779,0.0035661932
0.01512081,0.014316294,0.0153547395,0.014271942,0.014973212,0.014208541,0.014212442,0.013785066,0.015078098,0.014043003,0.014218108,0.01392042,0.015226693,0.0140412925,0.014328874,0.013957307,0.0150286015,0.014187603,0.014262772,0.013674064,0.01523099,0.01572355,0.014279823,0.013759298,0.015028487,0.015165659,0.014274471,0.013851975,0.015269438,0.01440706,0.014263708,0.013890022
0.0043194857,0.00653818,0.0045407866,0.0065393015,0.0044411947,0.006656893,0.0040317317,0.0051832423,0.004373484,0.0058994098,0.0040249145,0.0052813464,0.0042605978,0.0058596083,0.0039951974,0.0052411384,0.004307908,0.006575616,0.004068447,0.005100774,0.0042992593,0.007413909,0.0038991668,0.005067241,0.004179881,0.007433437,0.0039037296,0.0049851714,0.0047949236,0.0062348736,0.0040666335,0.005018022
0.004040405,0.00500201,0.0040580924,0.0050148675,0.0040805116,0.005059487,0.0041743633,0.0047550346,0.0044247764,0.0051106387,0.0042277602,0.004761917,0.0042999643,0.0056037037,0.004124927,0.004707494,0.004533629,0.0055730683,0.004138509,0.004868722,0.0039777323,0.007816947,0.0041700797,0.004934256,0.004199695,0.0072926846,0.0041319486,0.004753549,0.00459258,0.0046497793,0.004350918,0.004475634
0.017278647,0.014706836,0.01749657,0.014631716,0.017419763,0.01470862,0.017983003,0.014919828,0.01813671,0.014870319,0.018039443,0.014741444,0.017514085,0.014599559,0.017869232,0.014715184,0.017640805,0.014278285,0.017703699,0.014975101,0.017230442,0.01604141,0.017848652,0.015025584,0.017123869,0.017010447,0.017781967,0.014767605,0.016588302,0.014331026,0.01797646,0.0148344645
0.01892881,0.020746293,0.019119358,0.020734837,0.019178407,0.020512646,0.018502511,0.019151827,0.019046267,0.020621492,0.018545395,0.019492583,0.019156925,0.021362046,0.01826256,0.019371763,0.01916894,0.021746444,0.018213786,0.019321686,0.018605107,0.021604627,0.018387761,0.019567508,0.019409753,0.02314232,0.01837162,0.019269,0.020778377,0.020404322,0.018984856,0.01905206
0.008112566,0.009638016,0.008207931,0.009642702,0.008136301,0.009720661,0.007805642,0.00887892,0.008725823,0.009708889,0.007819114,0.00893812,0.008454315,0.009896375,0.007897497,0.008797825,0.008555111,0.009882589,0.007805574,0.009060691,0.008613461,0.010149839,0.007741166,0.009046748,0.009217606,0.009399536,0.007776373,0.009043028,0.008771838,0.009194835,0.0079465695,0.008995617
0.0045362674,0.0044704503,0.0043534604,0.0044787023,0.0044132983,0.004522811,0.004162203,0.0037354454,0.004766071,0.0044014887,0.0043141604,0.0037288142,0.004712859,0.004535527,0.0044357055,0.003734979,0.0044119386,0.004783038,0.004202738,0.0038052155,0.0044529475,0.004754242,0.0043027517,0.0037450017,0.005407488,0.004200778,0.0041622473,0.0037662997,0.0034834514,0.0045640455,0.0038383831,0.003984285
0.008760214,0.008927327,0.00887269,0.008919293,0.008662017,0.008935693,0.008452905,0.008518549,0.008539738,0.008933544,0.0082548475,0.00855521,0.008806614,0.009512095,0.008292823,0.008594113,0.008725904,0.009156206,0.008560761,0.008651369,0.008848054,0.0091722105,0.008378251,0.008685383,0.009640069,0.008995785,0.008522195,0.008634389,0.009060591,0.008926998,0.008291822,0.008698906
0.09744,0.072421595,0.09566666,0.07241931,0.097019084,0.07264795,0.09825824,0.07758973,0.09438218,0.07313173,0.09803297,0.077314965,0.09554255,0.06982112,0.09756517,0.078212924,0.09418573,0.07198726,0.0987003,0.07675522,0.09483676,0.072052024,0.09865434,0.07629617,0.09754747,0.07342844,0.09862768,0.07676212,0.09148631,0.075283356,0.09668785,0.075814195
0.02714453,0.025177002,0.026607025,0.025236512,0.027083673,0.025015991,0.028591113,0.027045727,0.025495235,0.024879482,0.027772915,0.027067546,0.026702294,0.026404092,0.027533866,0.027481284,0.027487619,0.025304744,0.029335441,0.026674863,0.026297934,0.024823504,0.028679881,0.027203884,0.026234569,0.026014945,0.029988844,0.027402112,0.030868106,0.025120463,0.030719228,0.027011883
0.017007584,0.016830487,0.016438758,0.016816447,0.016421696,0.017008014,0.015905665,0.015236582,0.018632151,0.016977675,0.016374748,0.015226941,0.018377291,0.01650833,0.017609235,0.015077855,0.017668474,0.017533321,0.016407007,0.016412804,0.021294292,0.017914051,0.016524684,0.016020434,0.020406296,0.016075786,0.015549592,0.015422632,0.01408755,0.017154355,0.014598102,0.015849782
0.003996164,0.004087013,0.0037938172,0.0041093878,0.0036002307,0.004165098,0.003457376,0.0034247309,0.0038338532,0.0039468966,0.0035153548,0.003414843,0.004451094,0.003999278,0.004051426,0.0034143073,0.004473487,0.0042046555,0.0039051457,0.003483462,0.0044854577,0.004612029,0.0039780363,0.0034208992,0.003973201,0.0037804907,0.00397629,0.0034829811,0.0042292993,0.004219308,0.0039039785,0.00370058
0.034553196,0.03151898,0.03576395,0.03143334,0.034991622,0.03160267,0.035080545,0.03237634,0.03385901,0.032567266,0.035015948,0.032349166,0.03335133,0.031155447,0.03420392,0.032350995,0.032891892,0.03230872,0.03439894,0.032327253,0.032954164,0.030389844,0.03469368,0.032884955,0.035727445,0.032537237,0.034244288,0.031702418,0.03481431,0.031667035,0.035468195,0.031167315
0.025313513,0.022532813,0.024769526,0.0225909,0.025437878,0.022490006,0.02530085,0.023623552,0.025008956,0.022778548,0.02518201,0.023608632,0.024837049,0.02351052,0.02489057,0.023954997,0.024583204,0.023236971,0.025241291,0.023625238,0.02469524,0.02205167,0.02523955,0.02374569,0.024981258,0.023215624,0.025162006,0.023309136,0.02461099,0.022905326,0.024736205,0.023570616
0.01397911,0.013318719,0.013986377,0.013308258,0.0139342295,0.013289342,0.014131311,0.013404669,0.014227026,0.013244846,0.0141587835,0.013392822,0.014324846,0.013184502,0.01428797,0.013381137,0.014171611,0.01330677,0.014175045,0.013429668,0.014328632,0.013327702,0.014190893,0.013512622,0.014136817,0.013200776,0.014203878,0.013403751,0.013901901,0.013355549,0.014152488,0.0134924
0.015956938,0.015894491,0.016442107,0.015769664,0.015500281,0.015608697,0.015617567,0.01568767,0.0144518865,0.015857892,0.0152783,0.015615335,0.015515138,0.015481988,0.01573605,0.015687313,0.015624062,0.017207798,0.015845932,0.01613145,0.015861409,0.015854418,0.015772378,0.016462665,0.016708702,0.016306926,0.01569209,0.015677929,0.01650938,0.016124202,0.015916804,0.01519871
0.0019134231,0.002062394,0.0018176286,0.0020603386,0.0017756997,0.0020934055,0.0014837967,0.0013996742,0.0022275606,0.0020739378,0.0015674201,0.0014165705,0.0023988117,0.001993364,0.0017575929,0.0013222983,0.0020271135,0.0019506648,0.0016076919,0.0013654599,0.002116054,0.0021998398,0.0016323879,0.0013404456,0.0026607683,0.0019925728,0.001614513,0.0013477815,0.0020513549,0.0021504138,0.0015525019,0.0016568715
0.011548827,0.01005732,0.011321096,0.01009054,0.011526816,0.010105356,0.011616491,0.010780522,0.010611019,0.0109256245,0.011255541,0.010742696,0.010761297,0.010792131,0.01109776,0.011431373,0.011555363,0.010869793,0.011643087,0.01125068,0.011326212,0.009508155,0.011473018,0.011482895,0.0108298585,0.010561193,0.01174179,0.011283869,0.01263761,0.009579076,0.011958477,0.010234622
0.004436328,0.005005614,0.004652897,0.0049873497,0.0046507553,0.004762368,0.004757661,0.0047685876,0.0048456336,0.004937628,0.0047178934,0.0047576376,0.0047550164,0.0048982063,0.0046878397,0.0048191864,0.004841498,0.004619782,0.0046777306,0.004879772,0.004888693,0.0049570026,0.004618794,0.005065272,0.0048233336,0.0045455303,0.0046410942,0.0050220857,0.0050192615,0.0044905236,0.0048273606,0.0046300194
0.013447034,0.011937656,0.013058266,0.011921595,0.012873199,0.012135621,0.012554561,0.011322566,0.01421274,0.011461412,0.01296847,0.011344226,0.014739845,0.012025006,0.0136356475,0.010629637,0.013297726,0.012760614,0.012954922,0.010975306,0.01585831,0.011551383,0.013319471,0.010537963,0.014361848,0.012101328,0.012513689,0.010649429,0.01232658,0.012340472,0.012339045,0.011693758
0.0071454938,0.00756417,0.0070208274,0.007583981,0.0072446093,0.007683907,0.006792718,0.0075630383,0.0068645203,0.008153967,0.00677502,0.0075613023,0.006818571,0.008444814,0.0066699027,0.00807997,0.0068767085,0.008260594,0.0066951485,0.0077691614,0.0068685394,0.007839457,0.0067616883,0.008065182,0.007072284,0.007851639,0.006688304,0.00787247,0.0071134814,0.007662805,0.006632992,0.0071765957
0.0025055304,0.002356807,0.0023780551,0.0023745208,0.0023412888,0.002395415,0.0022104166,0.0019868312,0.0028476676,0.0023039265,0.0023369645,0.0020028313,0.0030363156,0.0021683685,0.0025336677,0.0018445647,0.0025260698,0.0020230655,0.002302289,0.0019190456,0.0027427883,0.0027610797,0.002409656,0.0018656136,0.003710008,0.0019794689,0.0022777398,0.0018783768,0.0021229275,0.0020499334,0.0020485632,0.002149134
0.0037590528,0.0042376164,0.0038177443,0.004230773,0.0037544782,0.004332692,0.0037025528,0.0036139542,0.0043950262,0.004293746,0.0038527066,0.0036488327,0.00425552,0.0041647167,0.003964999,0.0035438,0.003840808,0.0040315795,0.0036668489,0.0036032933,0.003964917,0.0042890836,0.0037401142,0.0036523356,0.0049732164,0.0038917235,0.0036270225,0.0035880175,0.0033932505,0.003981611,0.0035387187,0.003751574
0.01302687,0.010203626,0.012867605,0.010193413,0.012505306,0.01012266,0.012762765,0.011337986,0.012533504,0.009828231,0.012790056,0.011347448,0.013533534,0.010138548,0.013293662,0.01123957,0.013117832,0.010202685,0.013117075,0.011174857,0.013259924,0.0105419895,0.013338404,0.011171296,0.013832498,0.010206566,0.013201131,0.0111989,0.012965996,0.00983722,0.013035607,0.011304898
0.0040848767,0.0035292173,0.0036182443,0.003561912,0.0037230907,0.0036150727,0.0036936984,0.00359069,0.004171695,0.0034140937,0.0038330765,0.003594954,0.004669504,0.003230455,0.004168556,0.0034905502,0.004094353,0.0033919772,0.003919071,0.0035083503,0.0043334854,0.0033781647,0.0041192127,0.0035415692,0.0055032643,0.003581144,0.0039115935,0.0035896616,0.0035179486,0.0034795515,0.0035844608,0.0037293474
0.01379252,0.012389509,0.013204342,0.012461827,0.013230378,0.0124927685,0.012930403,0.012465133,0.013778283,0.012034848,0.013131426,0.012459413,0.014682902,0.012086201,0.013679943,0.012293648,0.013666263,0.01188975,0.013342471,0.012321901,0.014243358,0.011795586,0.013608954,0.0124075245,0.015777085,0.013149185,0.013329574,0.012528781,0.012697494,0.012543753,0.012540803,0.0128289955
0.0021922747,0.0026821462,0.0021590858,0.0027030876,0.002116367,0.0026812658,0.0022249236,0.0024178028,0.0025622963,0.0029072303,0.0023059465,0.0024165753,0.0027423888,0.0028123148,0.002468844,0.0024752393,0.0023494684,0.0028645324,0.0023464174,0.002449692,0.0027263674,0.0027952194,0.0024542336,0.0024628155,0.003676869,0.0026867061,0.002364777,0.002439237,0.002636738,0.0027096586,0.0026183797,0.0023904764
0.0064204563,0.0070502115,0.0072739176,0.0068884892,0.0070181848,0.0069994833,0.0062831063,0.005754395,0.0061877663,0.007428888,0.0059241005,0.0060617425,0.0052197687,0.007747692,0.0063137864,0.0067867986,0.005697042,0.008046238,0.0059694443,0.0061630313,0.00589627,0.0076301964,0.0057663904,0.0074411854,0.008242041,0.007353821,0.0057324497,0.0068860864,0.008109664,0.006785816,0.007046752,0.0056786
0.025236467,0.021583883,0.025101837,0.021578146,0.025311515,0.021436712,0.024689015,0.021763451,0.025468621,0.02153682,0.024733277,0.021858985,0.025542814,0.021547263,0.024777047,0.022070989,0.02545255,0.021481493,0.024759402,0.02184675,0.025812548,0.02152305,0.024742045,0.022102175,0.02534496,0.021867754,0.024740921,0.022092775,0.025283793,0.021645121,0.024504086,0.022084398
0.0073736096,0.0062517845,0.0071567493,0.0062349103,0.0071565723,0.0062556085,0.00705834,0.0063555595,0.008094176,0.00651625,0.007372877,0.0065292865,0.008269293,0.006203366,0.0071479985,0.0061850967,0.0077544963,0.0063479105,0.007129985,0.0066210595,0.008667955,0.0066710985,0.0070552025,0.006045331,0.007969116,0.0064899516,0.00700222,0.0061184363,0.0063551483,0.006289646,0.0064782677,0.006281295
0.04776893,0.04601097,0.04736172,0.046030432,0.047344856,0.04643614,0.04791299,0.04656726,0.048536427,0.046697974,0.048307177,0.04682729,0.0489093,0.04573787,0.047865365,0.046433266,0.048264332,0.046713714,0.047904685,0.04678106,0.04920354,0.046995405,0.04797732,0.04623261,0.04742861,0.046521008,0.04792613,0.04629636,0.047221445,0.04618449,0.047833145,0.04642578
0.0052359826,0.0055930195,0.005332107,0.0056240587,0.005221363,0.005764813,0.0038020597,0.004371322,0.005238427,0.005868419,0.003864862,0.0039746407,0.005073774,0.0056175753,0.0038052024,0.0039961585,0.005103575,0.0048991833,0.0037771908,0.004117118,0.0050485763,0.0052918377,0.0037968631,0.0040116007,0.004960563,0.0050417366,0.0038261767,0.0040649385,0.0051484867,0.005503763,0.0037008105,0.004124289
0.010744979,0.01034725,0.010874017,0.010367984,0.0109907705,0.010549664,0.009123273,0.008577599,0.010589625,0.01032616,0.009116821,0.009065249,0.010480489,0.009922188,0.009115628,0.008981324,0.01047937,0.009837193,0.0090675745,0.00878906,0.0108886985,0.010731159,0.008957553,0.00894659,0.012102021,0.010196658,0.008993913,0.008970071,0.010828157,0.010585057,0.008987593,0.008609473
0.032287944,0.030109107,0.032213975,0.030139072,0.03227405,0.030196337,0.0317821,0.029946515,0.0323059,0.03000173,0.031797897,0.030291144,0.03246557,0.030268388,0.031873018,0.030415414,0.03247036,0.030476555,0.031880267,0.030265877,0.03277476,0.03015594,0.031842213,0.03026825,0.03203781,0.030332964,0.03189519,0.030272782,0.03294941,0.030439204,0.032135963,0.03031852
0.02462625,0.023505352,0.024286594,0.02355212,0.024434064,0.023560828,0.023793064,0.022721607,0.024559645,0.023475755,0.023846898,0.022993889,0.02482251,0.023653565,0.023861054,0.022942116,0.024698598,0.023552554,0.02395302,0.022980224,0.025151312,0.023497885,0.023945011,0.023058472,0.024603933,0.023626005,0.023995703,0.023047416,0.025086623,0.023953704,0.024266921,0.02294217
0.006101476,0.005865956,0.0062215314,0.005863233,0.006095112,0.0058714794,0.005306199,0.0052440977,0.006011798,0.0056813746,0.00530567,0.0053611835,0.006193689,0.005897572,0.005372241,0.0055151917,0.005997943,0.0057014464,0.005349559,0.0051282197,0.00614054,0.005932444,0.005383469,0.005483938,0.0068409876,0.005831538,0.005408472,0.005347845,0.006432904,0.00616601,0.0055428795,0.005214306
0.0243292,0.0237322,0.024593841,0.023706054,0.024579132,0.023664989,0.020727964,0.019328231,0.02398911,0.023617314,0.020546045,0.018847613,0.023615668,0.023027606,0.020507563,0.018887999,0.023410153,0.025541035,0.020580418,0.019063862,0.023708336,0.02298558,0.020478806,0.019038102,0.023542725,0.023018781,0.020478869,0.018654652,0.02376003,0.024307864,0.020643687,0.019131176
0.0182207,0.016736142,0.019137448,0.01661299,0.018335514,0.01676938,0.018032301,0.01700854,0.017354319,0.016414804,0.017670335,0.016700698,0.017207827,0.017563997,0.018081667,0.017459761,0.017195089,0.01653252,0.01780072,0.017026242,0.016864793,0.017603692,0.017824175,0.0177721,0.018549804,0.017376546,0.017693946,0.017168224,0.018479062,0.017213948,0.018339884,0.016679617
0.01892763,0.018365143,0.01852121,0.018418033,0.018730586,0.018559633,0.018174393,0.01786208,0.018663907,0.018158115,0.01816057,0.017755413,0.019243928,0.018361833,0.018471884,0.017829936,0.019017985,0.018334337,0.018405523,0.018012129,0.019481776,0.018137,0.01845919,0.017781602,0.018953692,0.018161364,0.018368555,0.01765277,0.018603804,0.01857673,0.018085817,0.018020976
0.0047550173,0.004562395,0.00433131,0.004594858,0.0044396473,0.0046156594,0.0042784438,0.0042921044,0.0051222607,0.0046639876,0.0044654715,0.004250642,0.0054627997,0.004419771,0.0046101613,0.0042399406,0.00512552,0.00520907,0.0045153126,0.0044473475,0.0055584856,0.005319771,0.0045011225,0.0043340097,0.006674346,0.0043614646,0.004403245,0.0047174757,0.003982612,0.004495026,0.003949806,0.004399999
0.0033384366,0.0034498658,0.0035886974,0.0034007162,0.0032618898,0.0034499718,0.0033716501,0.003161556,0.0033258214,0.003380723,0.0033592496,0.003224779,0.0035567428,0.003917517,0.003444056,0.003347322,0.0033754988,0.00350496,0.0033940377,0.0030715307,0.003966312,0.0034768109,0.0034012087,0.003314313,0.0033752788,0.0035682877,0.0034245383,0.00316901,0.003656745,0.0037777175,0.003736323,0.0032307878
